year,trial,date,camera,range,image,class,position,img_path ,score
2019,NUE_2,2019-07-10,left_middle_L1,range_6,G0611120.JPG,0,1,2019/NUE_2/2019-07-10/left_middle_L1/range_6,0.0
2019,NUE_2,2019-07-10,left_middle_L1,range_6,G0611121.JPG,0,2,2019/NUE_2/2019-07-10/left_middle_L1/range_6,0.0
2019,NUE_2,2019-07-10,left_middle_L1,range_6,G0611122.JPG,0,3,2019/NUE_2/2019-07-10/left_middle_L1/range_6,0.25
2019,NUE_2,2019-07-10,left_middle_L1,range_6,G0611123.JPG,0,4,2019/NUE_2/2019-07-10/left_middle_L1/range_6,0.5
2019,NUE_2,2019-07-10,left_middle_L1,range_6,G0611124.JPG,0,5,2019/NUE_2/2019-07-10/left_middle_L1/range_6,0.75
2019,NUE_2,2019-07-10,left_middle_L1,range_6,G0611125.JPG,1,6,2019/NUE_2/2019-07-10/left_middle_L1/range_6,1.0
2019,NUE_2,2019-07-10,left_middle_L1,range_6,G0611126.JPG,0,7,2019/NUE_2/2019-07-10/left_middle_L1/range_6,0.75
2019,NUE_2,2019-07-10,left_middle_L1,range_6,G0611127.JPG,0,8,2019/NUE_2/2019-07-10/left_middle_L1/range_6,0.5
2019,NUE_2,2019-07-10,left_middle_L1,range_6,G0611128.JPG,0,9,2019/NUE_2/2019-07-10/left_middle_L1/range_6,0.25
2019,NUE_2,2019-07-10,left_middle_L1,range_6,G0611129.JPG,0,10,2019/NUE_2/2019-07-10/left_middle_L1/range_6,0.25
2019,NUE_2,2019-07-10,left_middle_L1,range_6,G0611130.JPG,0,11,2019/NUE_2/2019-07-10/left_middle_L1/range_6,0.5
2019,NUE_2,2019-07-10,left_middle_L1,range_6,G0611131.JPG,0,12,2019/NUE_2/2019-07-10/left_middle_L1/range_6,0.75
2019,NUE_2,2019-07-10,left_middle_L1,range_6,G0611132.JPG,1,13,2019/NUE_2/2019-07-10/left_middle_L1/range_6,1.0
2019,NUE_2,2019-07-10,left_middle_L1,range_6,G0611133.JPG,0,14,2019/NUE_2/2019-07-10/left_middle_L1/range_6,0.75
2019,NUE_2,2019-07-10,left_middle_L1,range_6,G0611134.JPG,0,15,2019/NUE_2/2019-07-10/left_middle_L1/range_6,0.5
2019,NUE_2,2019-07-10,left_middle_L1,range_6,G0611135.JPG,0,16,2019/NUE_2/2019-07-10/left_middle_L1/range_6,0.25
2019,NUE_2,2019-07-10,left_middle_L1,range_6,G0611136.JPG,0,17,2019/NUE_2/2019-07-10/left_middle_L1/range_6,0.25
2019,NUE_2,2019-07-10,left_middle_L1,range_6,G0611137.JPG,0,18,2019/NUE_2/2019-07-10/left_middle_L1/range_6,0.5
2019,NUE_2,2019-07-10,left_middle_L1,range_6,G0611138.JPG,0,19,2019/NUE_2/2019-07-10/left_middle_L1/range_6,0.75
2019,NUE_2,2019-07-10,left_middle_L1,range_6,G0611139.JPG,1,20,2019/NUE_2/2019-07-10/left_middle_L1/range_6,1.0
2019,NUE_2,2019-07-10,left_middle_L1,range_6,G0611140.JPG,0,21,2019/NUE_2/2019-07-10/left_middle_L1/range_6,0.75
2019,NUE_2,2019-07-10,left_middle_L1,range_6,G0611141.JPG,0,22,2019/NUE_2/2019-07-10/left_middle_L1/range_6,0.5
2019,NUE_2,2019-07-10,left_middle_L1,range_6,G0611142.JPG,0,23,2019/NUE_2/2019-07-10/left_middle_L1/range_6,0.25
2019,NUE_2,2019-07-10,left_middle_L1,range_6,G0611143.JPG,0,24,2019/NUE_2/2019-07-10/left_middle_L1/range_6,0.25
2019,NUE_2,2019-07-10,left_middle_L1,range_6,G0611144.JPG,0,25,2019/NUE_2/2019-07-10/left_middle_L1/range_6,0.5
2019,NUE_2,2019-07-10,left_middle_L1,range_6,G0611145.JPG,0,26,2019/NUE_2/2019-07-10/left_middle_L1/range_6,0.75
2019,NUE_2,2019-07-10,left_middle_L1,range_6,G0611146.JPG,1,27,2019/NUE_2/2019-07-10/left_middle_L1/range_6,1.0
2019,NUE_2,2019-07-10,left_middle_L1,range_6,G0611147.JPG,0,28,2019/NUE_2/2019-07-10/left_middle_L1/range_6,0.75
2019,NUE_2,2019-07-10,left_middle_L1,range_6,G0611148.JPG,0,29,2019/NUE_2/2019-07-10/left_middle_L1/range_6,0.5
2019,NUE_2,2019-07-10,left_middle_L1,range_6,G0611149.JPG,0,30,2019/NUE_2/2019-07-10/left_middle_L1/range_6,0.25
2019,NUE_2,2019-07-10,left_middle_L1,range_6,G0611150.JPG,0,31,2019/NUE_2/2019-07-10/left_middle_L1/range_6,0.5
2019,NUE_2,2019-07-10,left_middle_L1,range_6,G0611151.JPG,0,32,2019/NUE_2/2019-07-10/left_middle_L1/range_6,0.75
2019,NUE_2,2019-07-10,left_middle_L1,range_6,G0611152.JPG,1,33,2019/NUE_2/2019-07-10/left_middle_L1/range_6,1.0
2019,NUE_2,2019-07-10,left_middle_L1,range_6,G0611153.JPG,0,34,2019/NUE_2/2019-07-10/left_middle_L1/range_6,0.75
2019,NUE_2,2019-07-10,left_middle_L1,range_6,G0611154.JPG,0,35,2019/NUE_2/2019-07-10/left_middle_L1/range_6,0.5
2019,NUE_2,2019-07-10,left_middle_L1,range_6,G0611155.JPG,0,36,2019/NUE_2/2019-07-10/left_middle_L1/range_6,0.25
2019,NUE_2,2019-07-10,left_middle_L1,range_6,G0611156.JPG,0,37,2019/NUE_2/2019-07-10/left_middle_L1/range_6,0.0
2019,NUE_2,2019-07-10,left_middle_L1,range_6,G0611157.JPG,0,38,2019/NUE_2/2019-07-10/left_middle_L1/range_6,0.25
2019,NUE_2,2019-07-10,left_middle_L1,range_6,G0611158.JPG,0,39,2019/NUE_2/2019-07-10/left_middle_L1/range_6,0.5
2019,NUE_2,2019-07-10,left_middle_L1,range_6,G0611159.JPG,0,40,2019/NUE_2/2019-07-10/left_middle_L1/range_6,0.75
2019,NUE_2,2019-07-10,left_middle_L1,range_6,G0611160.JPG,1,41,2019/NUE_2/2019-07-10/left_middle_L1/range_6,1.0
2019,NUE_2,2019-07-10,left_middle_L1,range_6,G0611161.JPG,0,42,2019/NUE_2/2019-07-10/left_middle_L1/range_6,0.75
2019,NUE_2,2019-07-10,left_middle_L1,range_6,G0611162.JPG,0,43,2019/NUE_2/2019-07-10/left_middle_L1/range_6,0.5
2019,NUE_2,2019-07-10,left_middle_L1,range_6,G0611163.JPG,0,44,2019/NUE_2/2019-07-10/left_middle_L1/range_6,0.25
2019,NUE_2,2019-07-10,left_middle_L1,range_6,G0611164.JPG,0,45,2019/NUE_2/2019-07-10/left_middle_L1/range_6,0.5
2019,NUE_2,2019-07-10,left_middle_L1,range_6,G0611165.JPG,0,46,2019/NUE_2/2019-07-10/left_middle_L1/range_6,0.75
2019,NUE_2,2019-07-10,left_middle_L1,range_6,G0611166.JPG,1,47,2019/NUE_2/2019-07-10/left_middle_L1/range_6,1.0
2019,NUE_2,2019-07-10,left_middle_L1,range_6,G0611167.JPG,0,48,2019/NUE_2/2019-07-10/left_middle_L1/range_6,0.75
2019,NUE_2,2019-07-10,left_middle_L1,range_6,G0611168.JPG,0,49,2019/NUE_2/2019-07-10/left_middle_L1/range_6,0.5
2019,NUE_2,2019-07-10,left_middle_L1,range_6,G0611169.JPG,0,50,2019/NUE_2/2019-07-10/left_middle_L1/range_6,0.25
2019,NUE_2,2019-07-10,left_middle_L1,range_6,G0611170.JPG,0,51,2019/NUE_2/2019-07-10/left_middle_L1/range_6,0.25
2019,NUE_2,2019-07-10,left_middle_L1,range_6,G0611171.JPG,0,52,2019/NUE_2/2019-07-10/left_middle_L1/range_6,0.5
2019,NUE_2,2019-07-10,left_middle_L1,range_6,G0611172.JPG,0,53,2019/NUE_2/2019-07-10/left_middle_L1/range_6,0.75
2019,NUE_2,2019-07-10,left_middle_L1,range_6,G0611173.JPG,1,54,2019/NUE_2/2019-07-10/left_middle_L1/range_6,1.0
2019,NUE_2,2019-07-10,left_middle_L1,range_6,G0611174.JPG,0,55,2019/NUE_2/2019-07-10/left_middle_L1/range_6,0.75
2019,NUE_2,2019-07-10,left_middle_L1,range_6,G0611175.JPG,0,56,2019/NUE_2/2019-07-10/left_middle_L1/range_6,0.5
2019,NUE_2,2019-07-10,left_middle_L1,range_6,G0611176.JPG,0,57,2019/NUE_2/2019-07-10/left_middle_L1/range_6,0.25
2019,NUE_2,2019-07-10,left_middle_L1,range_6,G0611177.JPG,0,58,2019/NUE_2/2019-07-10/left_middle_L1/range_6,0.25
2019,NUE_2,2019-07-10,left_middle_L1,range_6,G0611178.JPG,0,59,2019/NUE_2/2019-07-10/left_middle_L1/range_6,0.5
2019,NUE_2,2019-07-10,left_middle_L1,range_6,G0611179.JPG,0,60,2019/NUE_2/2019-07-10/left_middle_L1/range_6,0.75
2019,NUE_2,2019-07-10,left_middle_L1,range_6,G0611180.JPG,1,61,2019/NUE_2/2019-07-10/left_middle_L1/range_6,1.0
2019,NUE_2,2019-07-10,left_middle_L1,range_6,G0611181.JPG,0,62,2019/NUE_2/2019-07-10/left_middle_L1/range_6,0.75
2019,NUE_2,2019-07-10,left_middle_L1,range_6,G0611182.JPG,0,63,2019/NUE_2/2019-07-10/left_middle_L1/range_6,0.5
2019,NUE_2,2019-07-10,left_middle_L1,range_6,G0611183.JPG,0,64,2019/NUE_2/2019-07-10/left_middle_L1/range_6,0.25
2019,NUE_2,2019-07-10,left_middle_L1,range_6,G0611184.JPG,0,65,2019/NUE_2/2019-07-10/left_middle_L1/range_6,0.25
2019,NUE_2,2019-07-10,left_middle_L1,range_6,G0611185.JPG,0,66,2019/NUE_2/2019-07-10/left_middle_L1/range_6,0.5
2019,NUE_2,2019-07-10,left_middle_L1,range_6,G0611186.JPG,0,67,2019/NUE_2/2019-07-10/left_middle_L1/range_6,0.75
2019,NUE_2,2019-07-10,left_middle_L1,range_6,G0611187.JPG,1,68,2019/NUE_2/2019-07-10/left_middle_L1/range_6,1.0
2019,NUE_2,2019-07-10,left_middle_L1,range_6,G0611188.JPG,0,69,2019/NUE_2/2019-07-10/left_middle_L1/range_6,0.75
2019,NUE_2,2019-07-10,left_middle_L1,range_6,G0611189.JPG,0,70,2019/NUE_2/2019-07-10/left_middle_L1/range_6,0.5
2019,NUE_2,2019-07-10,left_middle_L1,range_6,G0611190.JPG,0,71,2019/NUE_2/2019-07-10/left_middle_L1/range_6,0.25
2019,NUE_2,2019-07-10,left_middle_L1,range_6,G0611191.JPG,0,72,2019/NUE_2/2019-07-10/left_middle_L1/range_6,0.25
2019,NUE_2,2019-07-10,left_middle_L1,range_6,G0611192.JPG,0,73,2019/NUE_2/2019-07-10/left_middle_L1/range_6,0.5
2019,NUE_2,2019-07-10,left_middle_L1,range_6,G0611193.JPG,0,74,2019/NUE_2/2019-07-10/left_middle_L1/range_6,0.75
2019,NUE_2,2019-07-10,left_middle_L1,range_6,G0611194.JPG,1,75,2019/NUE_2/2019-07-10/left_middle_L1/range_6,1.0
2019,NUE_2,2019-07-10,left_middle_L1,range_6,G0611195.JPG,0,76,2019/NUE_2/2019-07-10/left_middle_L1/range_6,0.75
2019,NUE_2,2019-07-10,left_middle_L1,range_6,G0611196.JPG,0,77,2019/NUE_2/2019-07-10/left_middle_L1/range_6,0.5
2019,NUE_2,2019-07-10,left_middle_L1,range_6,G0611197.JPG,0,78,2019/NUE_2/2019-07-10/left_middle_L1/range_6,0.25
2019,NUE_2,2019-07-10,left_middle_L1,range_6,G0611198.JPG,0,79,2019/NUE_2/2019-07-10/left_middle_L1/range_6,0.25
2019,NUE_2,2019-07-10,left_middle_L1,range_6,G0611199.JPG,0,80,2019/NUE_2/2019-07-10/left_middle_L1/range_6,0.5
2019,NUE_2,2019-07-10,left_middle_L1,range_6,G0611200.JPG,0,81,2019/NUE_2/2019-07-10/left_middle_L1/range_6,0.75
2019,NUE_2,2019-07-10,left_middle_L1,range_6,G0611201.JPG,1,82,2019/NUE_2/2019-07-10/left_middle_L1/range_6,1.0
2019,NUE_2,2019-07-10,left_middle_L1,range_6,G0611202.JPG,0,83,2019/NUE_2/2019-07-10/left_middle_L1/range_6,0.75
2019,NUE_2,2019-07-10,left_middle_L1,range_6,G0611203.JPG,0,84,2019/NUE_2/2019-07-10/left_middle_L1/range_6,0.5
2019,NUE_2,2019-07-10,left_middle_L1,range_6,G0611204.JPG,0,85,2019/NUE_2/2019-07-10/left_middle_L1/range_6,0.25
2019,NUE_2,2019-07-10,left_middle_L1,range_6,G0611205.JPG,0,86,2019/NUE_2/2019-07-10/left_middle_L1/range_6,0.5
2019,NUE_2,2019-07-10,left_middle_L1,range_6,G0611206.JPG,0,87,2019/NUE_2/2019-07-10/left_middle_L1/range_6,0.75
2019,NUE_2,2019-07-10,left_middle_L1,range_6,G0611207.JPG,1,88,2019/NUE_2/2019-07-10/left_middle_L1/range_6,1.0
2019,NUE_2,2019-07-10,left_middle_L1,range_6,G0611208.JPG,0,89,2019/NUE_2/2019-07-10/left_middle_L1/range_6,0.75
2019,NUE_2,2019-07-10,left_middle_L1,range_6,G0611209.JPG,0,90,2019/NUE_2/2019-07-10/left_middle_L1/range_6,0.5
2019,NUE_2,2019-07-10,left_middle_L1,range_6,G0611210.JPG,0,91,2019/NUE_2/2019-07-10/left_middle_L1/range_6,0.25
2019,NUE_2,2019-07-10,left_middle_L1,range_6,G0611211.JPG,0,92,2019/NUE_2/2019-07-10/left_middle_L1/range_6,0.25
2019,NUE_2,2019-07-10,left_middle_L1,range_6,G0611212.JPG,0,93,2019/NUE_2/2019-07-10/left_middle_L1/range_6,0.5
2019,NUE_2,2019-07-10,left_middle_L1,range_6,G0611213.JPG,0,94,2019/NUE_2/2019-07-10/left_middle_L1/range_6,0.75
2019,NUE_2,2019-07-10,left_middle_L1,range_6,G0611214.JPG,1,95,2019/NUE_2/2019-07-10/left_middle_L1/range_6,1.0
2019,NUE_2,2019-07-10,left_middle_L1,range_6,G0611215.JPG,0,96,2019/NUE_2/2019-07-10/left_middle_L1/range_6,0.75
2019,NUE_2,2019-07-10,left_middle_L1,range_6,G0611216.JPG,0,97,2019/NUE_2/2019-07-10/left_middle_L1/range_6,0.5
2019,NUE_2,2019-07-10,left_middle_L1,range_6,G0611217.JPG,0,98,2019/NUE_2/2019-07-10/left_middle_L1/range_6,0.25
2019,NUE_2,2019-07-10,left_middle_L1,range_6,G0611218.JPG,0,99,2019/NUE_2/2019-07-10/left_middle_L1/range_6,0.25
2019,NUE_2,2019-07-10,left_middle_L1,range_6,G0611219.JPG,0,100,2019/NUE_2/2019-07-10/left_middle_L1/range_6,0.5
2019,NUE_2,2019-07-10,left_middle_L1,range_6,G0611220.JPG,0,101,2019/NUE_2/2019-07-10/left_middle_L1/range_6,0.75
2019,NUE_2,2019-07-10,left_middle_L1,range_6,G0611221.JPG,1,102,2019/NUE_2/2019-07-10/left_middle_L1/range_6,1.0
2019,NUE_2,2019-07-10,left_middle_L1,range_6,G0611222.JPG,0,103,2019/NUE_2/2019-07-10/left_middle_L1/range_6,0.75
2019,NUE_2,2019-07-10,left_middle_L1,range_6,G0611223.JPG,0,104,2019/NUE_2/2019-07-10/left_middle_L1/range_6,0.5
2019,NUE_2,2019-07-10,left_middle_L1,range_6,G0611224.JPG,0,105,2019/NUE_2/2019-07-10/left_middle_L1/range_6,0.25
2019,NUE_2,2019-07-10,left_middle_L1,range_6,G0611225.JPG,0,106,2019/NUE_2/2019-07-10/left_middle_L1/range_6,0.25
2019,NUE_2,2019-07-10,left_middle_L1,range_6,G0611226.JPG,0,107,2019/NUE_2/2019-07-10/left_middle_L1/range_6,0.5
2019,NUE_2,2019-07-10,left_middle_L1,range_6,G0611227.JPG,0,108,2019/NUE_2/2019-07-10/left_middle_L1/range_6,0.75
2019,NUE_2,2019-07-10,left_middle_L1,range_6,G0611228.JPG,1,109,2019/NUE_2/2019-07-10/left_middle_L1/range_6,1.0
2019,NUE_2,2019-07-10,left_middle_L1,range_6,G0611229.JPG,0,110,2019/NUE_2/2019-07-10/left_middle_L1/range_6,0.75
2019,NUE_2,2019-07-10,left_middle_L1,range_6,G0611230.JPG,0,111,2019/NUE_2/2019-07-10/left_middle_L1/range_6,0.5
2019,NUE_2,2019-07-10,left_middle_L1,range_6,G0611231.JPG,0,112,2019/NUE_2/2019-07-10/left_middle_L1/range_6,0.25
2019,NUE_2,2019-07-10,left_middle_L1,range_6,G0611232.JPG,0,113,2019/NUE_2/2019-07-10/left_middle_L1/range_6,0.5
2019,NUE_2,2019-07-10,left_middle_L1,range_6,G0611233.JPG,0,114,2019/NUE_2/2019-07-10/left_middle_L1/range_6,0.75
2019,NUE_2,2019-07-10,left_middle_L1,range_6,G0611234.JPG,1,115,2019/NUE_2/2019-07-10/left_middle_L1/range_6,1.0
2019,NUE_2,2019-07-10,left_middle_L1,range_6,G0611235.JPG,0,116,2019/NUE_2/2019-07-10/left_middle_L1/range_6,0.75
2019,NUE_2,2019-07-10,left_middle_L1,range_6,G0611236.JPG,0,117,2019/NUE_2/2019-07-10/left_middle_L1/range_6,0.5
2019,NUE_2,2019-07-10,left_middle_L1,range_6,G0611237.JPG,0,118,2019/NUE_2/2019-07-10/left_middle_L1/range_6,0.25
2019,NUE_2,2019-07-10,left_middle_L1,range_6,G0611238.JPG,0,119,2019/NUE_2/2019-07-10/left_middle_L1/range_6,0.0
2019,NUE_2,2019-07-10,left_middle_L1,range_6,G0611239.JPG,0,120,2019/NUE_2/2019-07-10/left_middle_L1/range_6,0.25
2019,NUE_2,2019-07-10,left_middle_L1,range_6,G0611240.JPG,0,121,2019/NUE_2/2019-07-10/left_middle_L1/range_6,0.5
2019,NUE_2,2019-07-10,left_middle_L1,range_6,G0611241.JPG,0,122,2019/NUE_2/2019-07-10/left_middle_L1/range_6,0.75
2019,NUE_2,2019-07-10,left_middle_L1,range_6,G0611242.JPG,1,123,2019/NUE_2/2019-07-10/left_middle_L1/range_6,1.0
2019,NUE_2,2019-07-10,left_middle_L1,range_6,G0611243.JPG,0,124,2019/NUE_2/2019-07-10/left_middle_L1/range_6,0.75
2019,NUE_2,2019-07-10,left_middle_L1,range_6,G0611244.JPG,0,125,2019/NUE_2/2019-07-10/left_middle_L1/range_6,0.5
2019,NUE_2,2019-07-10,left_middle_L1,range_6,G0611245.JPG,0,126,2019/NUE_2/2019-07-10/left_middle_L1/range_6,0.25
2019,NUE_2,2019-07-10,left_middle_L1,range_6,G0611246.JPG,0,127,2019/NUE_2/2019-07-10/left_middle_L1/range_6,0.5
2019,NUE_2,2019-07-10,left_middle_L1,range_6,G0611247.JPG,0,128,2019/NUE_2/2019-07-10/left_middle_L1/range_6,0.75
2019,NUE_2,2019-07-10,left_middle_L1,range_6,G0611248.JPG,1,129,2019/NUE_2/2019-07-10/left_middle_L1/range_6,1.0
2019,NUE_2,2019-07-10,left_middle_L1,range_6,G0611249.JPG,0,130,2019/NUE_2/2019-07-10/left_middle_L1/range_6,0.75
2019,NUE_2,2019-07-10,left_middle_L1,range_6,G0611250.JPG,0,131,2019/NUE_2/2019-07-10/left_middle_L1/range_6,0.5
2019,NUE_2,2019-07-10,left_middle_L1,range_6,G0611251.JPG,0,132,2019/NUE_2/2019-07-10/left_middle_L1/range_6,0.25
2019,NUE_2,2019-07-10,left_middle_L1,range_6,G0611252.JPG,0,133,2019/NUE_2/2019-07-10/left_middle_L1/range_6,0.25
2019,NUE_2,2019-07-10,left_middle_L1,range_6,G0611253.JPG,0,134,2019/NUE_2/2019-07-10/left_middle_L1/range_6,0.5
2019,NUE_2,2019-07-10,left_middle_L1,range_6,G0611254.JPG,0,135,2019/NUE_2/2019-07-10/left_middle_L1/range_6,0.75
2019,NUE_2,2019-07-10,left_middle_L1,range_6,G0611255.JPG,1,136,2019/NUE_2/2019-07-10/left_middle_L1/range_6,1.0
2019,NUE_2,2019-07-10,left_middle_L1,range_6,G0611256.JPG,0,137,2019/NUE_2/2019-07-10/left_middle_L1/range_6,0.75
2019,NUE_2,2019-07-10,left_middle_L1,range_6,G0611257.JPG,0,138,2019/NUE_2/2019-07-10/left_middle_L1/range_6,0.5
2019,NUE_2,2019-07-10,left_middle_L1,range_6,G0611258.JPG,0,139,2019/NUE_2/2019-07-10/left_middle_L1/range_6,0.25
2019,NUE_2,2019-07-10,left_middle_L1,range_6,G0611259.JPG,0,140,2019/NUE_2/2019-07-10/left_middle_L1/range_6,0.25
2019,NUE_2,2019-07-10,left_middle_L1,range_6,G0611260.JPG,0,141,2019/NUE_2/2019-07-10/left_middle_L1/range_6,0.5
2019,NUE_2,2019-07-10,left_middle_L1,range_6,G0611261.JPG,0,142,2019/NUE_2/2019-07-10/left_middle_L1/range_6,0.75
2019,NUE_2,2019-07-10,left_middle_L1,range_6,G0611262.JPG,1,143,2019/NUE_2/2019-07-10/left_middle_L1/range_6,1.0
2019,NUE_2,2019-07-10,left_middle_L1,range_6,G0611263.JPG,0,144,2019/NUE_2/2019-07-10/left_middle_L1/range_6,0.75
2019,NUE_2,2019-07-10,left_middle_L1,range_6,G0611264.JPG,0,145,2019/NUE_2/2019-07-10/left_middle_L1/range_6,0.5
2019,NUE_2,2019-07-10,left_middle_L1,range_6,G0611265.JPG,0,146,2019/NUE_2/2019-07-10/left_middle_L1/range_6,0.25
2019,NUE_2,2019-07-10,left_middle_L1,range_6,G0611266.JPG,0,147,2019/NUE_2/2019-07-10/left_middle_L1/range_6,0.25
2019,NUE_2,2019-07-10,left_middle_L1,range_6,G0611267.JPG,0,148,2019/NUE_2/2019-07-10/left_middle_L1/range_6,0.5
2019,NUE_2,2019-07-10,left_middle_L1,range_6,G0611268.JPG,0,149,2019/NUE_2/2019-07-10/left_middle_L1/range_6,0.75
2019,NUE_2,2019-07-10,left_middle_L1,range_6,G0611269.JPG,1,150,2019/NUE_2/2019-07-10/left_middle_L1/range_6,1.0
2019,NUE_2,2019-07-10,left_middle_L1,range_6,G0611270.JPG,0,151,2019/NUE_2/2019-07-10/left_middle_L1/range_6,0.75
2019,NUE_2,2019-07-10,left_middle_L1,range_6,G0611271.JPG,0,152,2019/NUE_2/2019-07-10/left_middle_L1/range_6,0.5
2019,NUE_2,2019-07-10,left_middle_L1,range_6,G0611272.JPG,0,153,2019/NUE_2/2019-07-10/left_middle_L1/range_6,0.25
2019,NUE_2,2019-07-10,left_middle_L1,range_6,G0611273.JPG,0,154,2019/NUE_2/2019-07-10/left_middle_L1/range_6,0.25
2019,NUE_2,2019-07-10,left_middle_L1,range_6,G0611274.JPG,0,155,2019/NUE_2/2019-07-10/left_middle_L1/range_6,0.5
2019,NUE_2,2019-07-10,left_middle_L1,range_6,G0611275.JPG,0,156,2019/NUE_2/2019-07-10/left_middle_L1/range_6,0.75
2019,NUE_2,2019-07-10,left_middle_L1,range_6,G0611276.JPG,1,157,2019/NUE_2/2019-07-10/left_middle_L1/range_6,1.0
2019,NUE_2,2019-07-10,left_middle_L1,range_6,G0611277.JPG,0,158,2019/NUE_2/2019-07-10/left_middle_L1/range_6,0.75
2019,NUE_2,2019-07-10,left_middle_L1,range_6,G0611278.JPG,0,159,2019/NUE_2/2019-07-10/left_middle_L1/range_6,0.5
2019,NUE_2,2019-07-10,left_middle_L1,range_6,G0611279.JPG,0,160,2019/NUE_2/2019-07-10/left_middle_L1/range_6,0.25
2019,NUE_2,2019-07-10,left_middle_L1,range_6,G0611280.JPG,0,161,2019/NUE_2/2019-07-10/left_middle_L1/range_6,0.25
2019,NUE_2,2019-07-10,left_middle_L1,range_6,G0611281.JPG,0,162,2019/NUE_2/2019-07-10/left_middle_L1/range_6,0.5
2019,NUE_2,2019-07-10,left_middle_L1,range_6,G0611282.JPG,0,163,2019/NUE_2/2019-07-10/left_middle_L1/range_6,0.75
2019,NUE_2,2019-07-10,left_middle_L1,range_6,G0611283.JPG,1,164,2019/NUE_2/2019-07-10/left_middle_L1/range_6,1.0
2019,NUE_2,2019-07-10,left_middle_L1,range_6,G0611284.JPG,0,165,2019/NUE_2/2019-07-10/left_middle_L1/range_6,0.75
2019,NUE_2,2019-07-10,left_middle_L1,range_6,G0611285.JPG,0,166,2019/NUE_2/2019-07-10/left_middle_L1/range_6,0.5
2019,NUE_2,2019-07-10,left_middle_L1,range_6,G0611286.JPG,0,167,2019/NUE_2/2019-07-10/left_middle_L1/range_6,0.25
2019,NUE_2,2019-07-10,left_middle_L1,range_6,G0611287.JPG,0,168,2019/NUE_2/2019-07-10/left_middle_L1/range_6,0.5
2019,NUE_2,2019-07-10,left_middle_L1,range_6,G0611288.JPG,0,169,2019/NUE_2/2019-07-10/left_middle_L1/range_6,0.75
2019,NUE_2,2019-07-10,left_middle_L1,range_6,G0611289.JPG,1,170,2019/NUE_2/2019-07-10/left_middle_L1/range_6,1.0
2019,NUE_2,2019-07-10,left_middle_L1,range_6,G0611290.JPG,0,171,2019/NUE_2/2019-07-10/left_middle_L1/range_6,0.75
2019,NUE_2,2019-07-10,left_middle_L1,range_6,G0611291.JPG,0,172,2019/NUE_2/2019-07-10/left_middle_L1/range_6,0.5
2019,NUE_2,2019-07-10,left_middle_L1,range_6,G0611292.JPG,0,173,2019/NUE_2/2019-07-10/left_middle_L1/range_6,0.25
2019,NUE_2,2019-07-10,left_middle_L1,range_6,G0611293.JPG,0,174,2019/NUE_2/2019-07-10/left_middle_L1/range_6,0.25
2019,NUE_2,2019-07-10,left_middle_L1,range_6,G0611294.JPG,0,175,2019/NUE_2/2019-07-10/left_middle_L1/range_6,0.5
2019,NUE_2,2019-07-10,left_middle_L1,range_6,G0611295.JPG,0,176,2019/NUE_2/2019-07-10/left_middle_L1/range_6,0.75
2019,NUE_2,2019-07-10,left_middle_L1,range_6,G0611296.JPG,1,177,2019/NUE_2/2019-07-10/left_middle_L1/range_6,1.0
2019,NUE_2,2019-07-10,left_middle_L1,range_6,G0611297.JPG,0,178,2019/NUE_2/2019-07-10/left_middle_L1/range_6,0.75
2019,NUE_2,2019-07-10,left_middle_L1,range_6,G0611298.JPG,0,179,2019/NUE_2/2019-07-10/left_middle_L1/range_6,0.5
2019,NUE_2,2019-07-10,left_middle_L1,range_6,G0611299.JPG,0,180,2019/NUE_2/2019-07-10/left_middle_L1/range_6,0.25
2019,NUE_2,2019-07-10,left_middle_L1,range_6,G0611300.JPG,0,181,2019/NUE_2/2019-07-10/left_middle_L1/range_6,0.25
2019,NUE_2,2019-07-10,left_middle_L1,range_6,G0611301.JPG,0,182,2019/NUE_2/2019-07-10/left_middle_L1/range_6,0.5
2019,NUE_2,2019-07-10,left_middle_L1,range_6,G0611302.JPG,0,183,2019/NUE_2/2019-07-10/left_middle_L1/range_6,0.75
2019,NUE_2,2019-07-10,left_middle_L1,range_6,G0611303.JPG,1,184,2019/NUE_2/2019-07-10/left_middle_L1/range_6,1.0
2019,NUE_2,2019-07-10,left_middle_L1,range_6,G0611304.JPG,0,185,2019/NUE_2/2019-07-10/left_middle_L1/range_6,0.75
2019,NUE_2,2019-07-10,left_middle_L1,range_6,G0611305.JPG,0,186,2019/NUE_2/2019-07-10/left_middle_L1/range_6,0.5
2019,NUE_2,2019-07-10,left_middle_L1,range_6,G0611306.JPG,0,187,2019/NUE_2/2019-07-10/left_middle_L1/range_6,0.25
2019,NUE_2,2019-07-10,left_middle_L1,range_6,G0611307.JPG,0,188,2019/NUE_2/2019-07-10/left_middle_L1/range_6,0.25
2019,NUE_2,2019-07-10,left_middle_L1,range_6,G0611308.JPG,0,189,2019/NUE_2/2019-07-10/left_middle_L1/range_6,0.5
2019,NUE_2,2019-07-10,left_middle_L1,range_6,G0611309.JPG,0,190,2019/NUE_2/2019-07-10/left_middle_L1/range_6,0.75
2019,NUE_2,2019-07-10,left_middle_L1,range_6,G0611310.JPG,1,191,2019/NUE_2/2019-07-10/left_middle_L1/range_6,1.0
2019,NUE_2,2019-07-10,left_middle_L1,range_6,G0611311.JPG,0,192,2019/NUE_2/2019-07-10/left_middle_L1/range_6,0.75
2019,NUE_2,2019-07-10,left_middle_L1,range_6,G0611312.JPG,0,193,2019/NUE_2/2019-07-10/left_middle_L1/range_6,0.5
2019,NUE_2,2019-07-10,left_middle_L1,range_6,G0611313.JPG,0,194,2019/NUE_2/2019-07-10/left_middle_L1/range_6,0.25
2019,NUE_2,2019-07-10,left_middle_L1,range_6,G0611314.JPG,0,195,2019/NUE_2/2019-07-10/left_middle_L1/range_6,0.25
2019,NUE_2,2019-07-10,left_middle_L1,range_6,G0611315.JPG,0,196,2019/NUE_2/2019-07-10/left_middle_L1/range_6,0.5
2019,NUE_2,2019-07-10,left_middle_L1,range_6,G0611316.JPG,0,197,2019/NUE_2/2019-07-10/left_middle_L1/range_6,0.75
2019,NUE_2,2019-07-10,left_middle_L1,range_6,G0611317.JPG,1,198,2019/NUE_2/2019-07-10/left_middle_L1/range_6,1.0
2019,NUE_2,2019-07-10,left_middle_L1,range_6,G0611318.JPG,0,199,2019/NUE_2/2019-07-10/left_middle_L1/range_6,0.75
2019,NUE_2,2019-07-10,left_middle_L1,range_6,G0611319.JPG,0,200,2019/NUE_2/2019-07-10/left_middle_L1/range_6,0.5
2019,NUE_2,2019-07-10,left_middle_L1,range_6,G0611320.JPG,0,201,2019/NUE_2/2019-07-10/left_middle_L1/range_6,0.25
2019,NUE_2,2019-07-10,left_middle_L1,range_6,G0611321.JPG,0,202,2019/NUE_2/2019-07-10/left_middle_L1/range_6,0.5
2019,NUE_2,2019-07-10,left_middle_L1,range_6,G0611322.JPG,0,203,2019/NUE_2/2019-07-10/left_middle_L1/range_6,0.75
2019,NUE_2,2019-07-10,left_middle_L1,range_6,G0611323.JPG,1,204,2019/NUE_2/2019-07-10/left_middle_L1/range_6,1.0
2019,NUE_2,2019-07-10,left_middle_L1,range_6,G0611324.JPG,0,205,2019/NUE_2/2019-07-10/left_middle_L1/range_6,0.75
2019,NUE_2,2019-07-10,left_middle_L1,range_6,G0611325.JPG,0,206,2019/NUE_2/2019-07-10/left_middle_L1/range_6,0.5
2019,NUE_2,2019-07-10,left_middle_L1,range_6,G0611326.JPG,0,207,2019/NUE_2/2019-07-10/left_middle_L1/range_6,0.25
2019,NUE_2,2019-07-10,left_middle_L1,range_6,G0611327.JPG,0,208,2019/NUE_2/2019-07-10/left_middle_L1/range_6,0.25
2019,NUE_2,2019-07-10,left_middle_L1,range_6,G0611328.JPG,0,209,2019/NUE_2/2019-07-10/left_middle_L1/range_6,0.5
2019,NUE_2,2019-07-10,left_middle_L1,range_6,G0611329.JPG,0,210,2019/NUE_2/2019-07-10/left_middle_L1/range_6,0.75
2019,NUE_2,2019-07-10,left_middle_L1,range_6,G0611330.JPG,1,211,2019/NUE_2/2019-07-10/left_middle_L1/range_6,1.0
2019,NUE_2,2019-07-10,left_middle_L1,range_6,G0611331.JPG,0,212,2019/NUE_2/2019-07-10/left_middle_L1/range_6,0.75
2019,NUE_2,2019-07-10,left_middle_L1,range_6,G0611332.JPG,0,213,2019/NUE_2/2019-07-10/left_middle_L1/range_6,0.5
2019,NUE_2,2019-07-10,left_middle_L1,range_6,G0611333.JPG,0,214,2019/NUE_2/2019-07-10/left_middle_L1/range_6,0.25
2019,NUE_2,2019-07-10,left_middle_L1,range_6,G0611334.JPG,0,215,2019/NUE_2/2019-07-10/left_middle_L1/range_6,0.25
2019,NUE_2,2019-07-10,left_middle_L1,range_6,G0611335.JPG,0,216,2019/NUE_2/2019-07-10/left_middle_L1/range_6,0.5
2019,NUE_2,2019-07-10,left_middle_L1,range_6,G0611336.JPG,0,217,2019/NUE_2/2019-07-10/left_middle_L1/range_6,0.75
2019,NUE_2,2019-07-10,left_middle_L1,range_6,G0611337.JPG,1,218,2019/NUE_2/2019-07-10/left_middle_L1/range_6,1.0
2019,NUE_2,2019-07-10,left_middle_L1,range_6,G0611338.JPG,0,219,2019/NUE_2/2019-07-10/left_middle_L1/range_6,0.75
2019,NUE_2,2019-07-10,left_middle_L1,range_6,G0611339.JPG,0,220,2019/NUE_2/2019-07-10/left_middle_L1/range_6,0.5
2019,NUE_2,2019-07-10,left_middle_L1,range_6,G0611340.JPG,0,221,2019/NUE_2/2019-07-10/left_middle_L1/range_6,0.25
2019,NUE_2,2019-07-10,left_middle_L1,range_6,G0611341.JPG,0,222,2019/NUE_2/2019-07-10/left_middle_L1/range_6,0.25
2019,NUE_2,2019-07-10,left_middle_L1,range_6,G0611342.JPG,0,223,2019/NUE_2/2019-07-10/left_middle_L1/range_6,0.5
2019,NUE_2,2019-07-10,left_middle_L1,range_6,G0611343.JPG,0,224,2019/NUE_2/2019-07-10/left_middle_L1/range_6,0.75
2019,NUE_2,2019-07-10,left_middle_L1,range_6,G0611344.JPG,1,225,2019/NUE_2/2019-07-10/left_middle_L1/range_6,1.0
2019,NUE_2,2019-07-10,left_middle_L1,range_6,G0611345.JPG,0,226,2019/NUE_2/2019-07-10/left_middle_L1/range_6,0.75
2019,NUE_2,2019-07-10,left_middle_L1,range_6,G0611346.JPG,0,227,2019/NUE_2/2019-07-10/left_middle_L1/range_6,0.5
2019,NUE_2,2019-07-10,left_middle_L1,range_6,G0611347.JPG,0,228,2019/NUE_2/2019-07-10/left_middle_L1/range_6,0.25
2019,NUE_2,2019-07-10,left_middle_L1,range_6,G0611348.JPG,0,229,2019/NUE_2/2019-07-10/left_middle_L1/range_6,0.25
2019,NUE_2,2019-07-10,left_middle_L1,range_6,G0611349.JPG,0,230,2019/NUE_2/2019-07-10/left_middle_L1/range_6,0.5
2019,NUE_2,2019-07-10,left_middle_L1,range_6,G0611350.JPG,0,231,2019/NUE_2/2019-07-10/left_middle_L1/range_6,0.75
2019,NUE_2,2019-07-10,left_middle_L1,range_6,G0611351.JPG,1,232,2019/NUE_2/2019-07-10/left_middle_L1/range_6,1.0
2019,NUE_2,2019-07-10,left_middle_L1,range_6,G0611352.JPG,0,233,2019/NUE_2/2019-07-10/left_middle_L1/range_6,0.75
2019,NUE_2,2019-07-10,left_middle_L1,range_6,G0611353.JPG,0,234,2019/NUE_2/2019-07-10/left_middle_L1/range_6,0.5
2019,NUE_2,2019-07-10,left_middle_L1,range_6,G0611354.JPG,0,235,2019/NUE_2/2019-07-10/left_middle_L1/range_6,0.25
2019,NUE_2,2019-07-10,left_middle_L1,range_6,G0611355.JPG,0,236,2019/NUE_2/2019-07-10/left_middle_L1/range_6,0.25
2019,NUE_2,2019-07-10,left_middle_L1,range_6,G0611356.JPG,0,237,2019/NUE_2/2019-07-10/left_middle_L1/range_6,0.5
2019,NUE_2,2019-07-10,left_middle_L1,range_6,G0611357.JPG,0,238,2019/NUE_2/2019-07-10/left_middle_L1/range_6,0.75
2019,NUE_2,2019-07-10,left_middle_L1,range_6,G0611358.JPG,1,239,2019/NUE_2/2019-07-10/left_middle_L1/range_6,1.0
2019,NUE_2,2019-07-10,left_middle_L1,range_6,G0611359.JPG,0,240,2019/NUE_2/2019-07-10/left_middle_L1/range_6,0.75
2019,NUE_2,2019-07-10,left_middle_L1,range_6,G0611360.JPG,0,241,2019/NUE_2/2019-07-10/left_middle_L1/range_6,0.5
2019,NUE_2,2019-07-10,left_middle_L1,range_6,G0611361.JPG,0,242,2019/NUE_2/2019-07-10/left_middle_L1/range_6,0.25
2019,NUE_2,2019-07-10,left_middle_L1,range_6,G0611362.JPG,0,243,2019/NUE_2/2019-07-10/left_middle_L1/range_6,0.25
2019,NUE_2,2019-07-10,left_middle_L1,range_6,G0611363.JPG,0,244,2019/NUE_2/2019-07-10/left_middle_L1/range_6,0.5
2019,NUE_2,2019-07-10,left_middle_L1,range_6,G0611364.JPG,0,245,2019/NUE_2/2019-07-10/left_middle_L1/range_6,0.75
2019,NUE_2,2019-07-10,left_middle_L1,range_6,G0611365.JPG,1,246,2019/NUE_2/2019-07-10/left_middle_L1/range_6,1.0
2019,NUE_2,2019-07-10,left_middle_L1,range_6,G0611366.JPG,0,247,2019/NUE_2/2019-07-10/left_middle_L1/range_6,0.75
2019,NUE_2,2019-07-10,left_middle_L1,range_6,G0611367.JPG,0,248,2019/NUE_2/2019-07-10/left_middle_L1/range_6,0.5
2019,NUE_2,2019-07-10,left_middle_L1,range_6,G0611368.JPG,0,249,2019/NUE_2/2019-07-10/left_middle_L1/range_6,0.25
2019,NUE_2,2019-07-10,left_middle_L1,range_6,G0611369.JPG,0,250,2019/NUE_2/2019-07-10/left_middle_L1/range_6,0.5
2019,NUE_2,2019-07-10,left_middle_L1,range_6,G0611370.JPG,0,251,2019/NUE_2/2019-07-10/left_middle_L1/range_6,0.75
2019,NUE_2,2019-07-10,left_middle_L1,range_6,G0611371.JPG,1,252,2019/NUE_2/2019-07-10/left_middle_L1/range_6,1.0
2019,NUE_2,2019-07-10,left_middle_L1,range_6,G0611372.JPG,0,253,2019/NUE_2/2019-07-10/left_middle_L1/range_6,0.75
2019,NUE_2,2019-07-10,left_middle_L1,range_6,G0611373.JPG,0,254,2019/NUE_2/2019-07-10/left_middle_L1/range_6,0.5
2019,NUE_2,2019-07-10,left_middle_L1,range_6,G0611374.JPG,0,255,2019/NUE_2/2019-07-10/left_middle_L1/range_6,0.25
2019,NUE_2,2019-07-10,left_middle_L1,range_6,G0611375.JPG,0,256,2019/NUE_2/2019-07-10/left_middle_L1/range_6,0.25
2019,NUE_2,2019-07-10,left_middle_L1,range_6,G0611376.JPG,0,257,2019/NUE_2/2019-07-10/left_middle_L1/range_6,0.5
2019,NUE_2,2019-07-10,left_middle_L1,range_6,G0611377.JPG,0,258,2019/NUE_2/2019-07-10/left_middle_L1/range_6,0.75
2019,NUE_2,2019-07-10,left_middle_L1,range_6,G0611378.JPG,1,259,2019/NUE_2/2019-07-10/left_middle_L1/range_6,1.0
2019,NUE_2,2019-07-10,left_middle_L1,range_6,G0611379.JPG,0,260,2019/NUE_2/2019-07-10/left_middle_L1/range_6,0.75
2019,NUE_2,2019-07-10,left_middle_L1,range_6,G0611380.JPG,0,261,2019/NUE_2/2019-07-10/left_middle_L1/range_6,0.5
2019,NUE_2,2019-07-10,left_middle_L1,range_6,G0611381.JPG,0,262,2019/NUE_2/2019-07-10/left_middle_L1/range_6,0.25
2019,NUE_2,2019-07-10,left_middle_L1,range_6,G0611382.JPG,0,263,2019/NUE_2/2019-07-10/left_middle_L1/range_6,0.25
2019,NUE_2,2019-07-10,left_middle_L1,range_6,G0611383.JPG,0,264,2019/NUE_2/2019-07-10/left_middle_L1/range_6,0.5
2019,NUE_2,2019-07-10,left_middle_L1,range_6,G0611384.JPG,0,265,2019/NUE_2/2019-07-10/left_middle_L1/range_6,0.75
2019,NUE_2,2019-07-10,left_middle_L1,range_6,G0611385.JPG,1,266,2019/NUE_2/2019-07-10/left_middle_L1/range_6,1.0
2019,NUE_2,2019-07-10,left_middle_L1,range_6,G0611386.JPG,0,267,2019/NUE_2/2019-07-10/left_middle_L1/range_6,0.75
2019,NUE_2,2019-07-10,left_middle_L1,range_6,G0611387.JPG,0,268,2019/NUE_2/2019-07-10/left_middle_L1/range_6,0.5
2019,NUE_2,2019-07-10,left_middle_L1,range_6,G0611388.JPG,0,269,2019/NUE_2/2019-07-10/left_middle_L1/range_6,0.25
2019,NUE_2,2019-07-10,left_middle_L1,range_6,G0611389.JPG,0,270,2019/NUE_2/2019-07-10/left_middle_L1/range_6,0.25
2019,NUE_2,2019-07-10,left_middle_L1,range_6,G0611390.JPG,0,271,2019/NUE_2/2019-07-10/left_middle_L1/range_6,0.5
2019,NUE_2,2019-07-10,left_middle_L1,range_6,G0611391.JPG,0,272,2019/NUE_2/2019-07-10/left_middle_L1/range_6,0.75
2019,NUE_2,2019-07-10,left_middle_L1,range_6,G0611392.JPG,1,273,2019/NUE_2/2019-07-10/left_middle_L1/range_6,1.0
2019,NUE_2,2019-07-10,left_middle_L1,range_6,G0611393.JPG,0,274,2019/NUE_2/2019-07-10/left_middle_L1/range_6,0.75
2019,NUE_2,2019-07-10,left_middle_L1,range_6,G0611394.JPG,0,275,2019/NUE_2/2019-07-10/left_middle_L1/range_6,0.5
2019,NUE_2,2019-07-10,left_middle_L1,range_6,G0611395.JPG,0,276,2019/NUE_2/2019-07-10/left_middle_L1/range_6,0.25
2019,NUE_2,2019-07-10,left_middle_L1,range_6,G0611396.JPG,0,277,2019/NUE_2/2019-07-10/left_middle_L1/range_6,0.25
2019,NUE_2,2019-07-10,left_middle_L1,range_6,G0611397.JPG,0,278,2019/NUE_2/2019-07-10/left_middle_L1/range_6,0.5
2019,NUE_2,2019-07-10,left_middle_L1,range_6,G0611398.JPG,0,279,2019/NUE_2/2019-07-10/left_middle_L1/range_6,0.75
2019,NUE_2,2019-07-10,left_middle_L1,range_6,G0611399.JPG,1,280,2019/NUE_2/2019-07-10/left_middle_L1/range_6,1.0
2019,NUE_2,2019-07-10,left_middle_L1,range_6,G0611400.JPG,0,281,2019/NUE_2/2019-07-10/left_middle_L1/range_6,0.75
2019,NUE_2,2019-07-10,left_middle_L1,range_6,G0611401.JPG,0,282,2019/NUE_2/2019-07-10/left_middle_L1/range_6,0.5
2019,NUE_2,2019-07-10,left_middle_L1,range_6,G0611402.JPG,0,283,2019/NUE_2/2019-07-10/left_middle_L1/range_6,0.25
2019,NUE_2,2019-07-10,left_middle_L1,range_6,G0611403.JPG,0,284,2019/NUE_2/2019-07-10/left_middle_L1/range_6,0.5
2019,NUE_2,2019-07-10,left_middle_L1,range_6,G0611404.JPG,0,285,2019/NUE_2/2019-07-10/left_middle_L1/range_6,0.75
2019,NUE_2,2019-07-10,left_middle_L1,range_6,G0611405.JPG,1,286,2019/NUE_2/2019-07-10/left_middle_L1/range_6,1.0
2019,NUE_2,2019-07-10,left_middle_L1,range_6,G0611406.JPG,0,287,2019/NUE_2/2019-07-10/left_middle_L1/range_6,0.75
2019,NUE_2,2019-07-10,left_middle_L1,range_6,G0611407.JPG,0,288,2019/NUE_2/2019-07-10/left_middle_L1/range_6,0.5
2019,NUE_2,2019-07-10,left_middle_L1,range_6,G0611408.JPG,0,289,2019/NUE_2/2019-07-10/left_middle_L1/range_6,0.25
2019,NUE_2,2019-07-10,left_middle_L1,range_6,G0611409.JPG,0,290,2019/NUE_2/2019-07-10/left_middle_L1/range_6,0.25
2019,NUE_2,2019-07-10,left_middle_L1,range_6,G0611410.JPG,0,291,2019/NUE_2/2019-07-10/left_middle_L1/range_6,0.5
2019,NUE_2,2019-07-10,left_middle_L1,range_6,G0611411.JPG,0,292,2019/NUE_2/2019-07-10/left_middle_L1/range_6,0.75
2019,NUE_2,2019-07-10,left_middle_L1,range_6,G0611412.JPG,1,293,2019/NUE_2/2019-07-10/left_middle_L1/range_6,1.0
2019,NUE_2,2019-07-10,left_middle_L1,range_6,G0611413.JPG,0,294,2019/NUE_2/2019-07-10/left_middle_L1/range_6,0.75
2019,NUE_2,2019-07-10,left_middle_L1,range_6,G0611414.JPG,0,295,2019/NUE_2/2019-07-10/left_middle_L1/range_6,0.5
2019,NUE_2,2019-07-10,left_middle_L1,range_6,G0611415.JPG,0,296,2019/NUE_2/2019-07-10/left_middle_L1/range_6,0.25
2019,NUE_2,2019-07-10,left_middle_L1,range_6,G0611416.JPG,0,297,2019/NUE_2/2019-07-10/left_middle_L1/range_6,0.25
2019,NUE_2,2019-07-10,left_middle_L1,range_6,G0611417.JPG,0,298,2019/NUE_2/2019-07-10/left_middle_L1/range_6,0.5
2019,NUE_2,2019-07-10,left_middle_L1,range_6,G0611418.JPG,0,299,2019/NUE_2/2019-07-10/left_middle_L1/range_6,0.75
2019,NUE_2,2019-07-10,left_middle_L1,range_6,G0611419.JPG,1,300,2019/NUE_2/2019-07-10/left_middle_L1/range_6,1.0
2019,NUE_2,2019-07-10,left_middle_L1,range_6,G0611420.JPG,0,301,2019/NUE_2/2019-07-10/left_middle_L1/range_6,0.75
2019,NUE_2,2019-07-10,left_middle_L1,range_6,G0611421.JPG,0,302,2019/NUE_2/2019-07-10/left_middle_L1/range_6,0.5
2019,NUE_2,2019-07-10,left_middle_L1,range_6,G0611422.JPG,0,303,2019/NUE_2/2019-07-10/left_middle_L1/range_6,0.25
2019,NUE_2,2019-07-10,left_middle_L1,range_6,G0611423.JPG,0,304,2019/NUE_2/2019-07-10/left_middle_L1/range_6,0.5
2019,NUE_2,2019-07-10,left_middle_L1,range_6,G0611424.JPG,0,305,2019/NUE_2/2019-07-10/left_middle_L1/range_6,0.75
2019,NUE_2,2019-07-10,left_middle_L1,range_6,G0611425.JPG,1,306,2019/NUE_2/2019-07-10/left_middle_L1/range_6,1.0
2019,NUE_2,2019-07-10,left_middle_L1,range_6,G0611426.JPG,0,307,2019/NUE_2/2019-07-10/left_middle_L1/range_6,0.75
2019,NUE_2,2019-07-10,left_middle_L1,range_6,G0611427.JPG,0,308,2019/NUE_2/2019-07-10/left_middle_L1/range_6,0.5
2019,NUE_2,2019-07-10,left_middle_L1,range_6,G0611428.JPG,0,309,2019/NUE_2/2019-07-10/left_middle_L1/range_6,0.25
2019,NUE_2,2019-07-10,left_middle_L1,range_6,G0611429.JPG,0,310,2019/NUE_2/2019-07-10/left_middle_L1/range_6,0.0
2019,NUE_2,2019-07-10,left_middle_L1,range_6,G0611430.JPG,0,311,2019/NUE_2/2019-07-10/left_middle_L1/range_6,0.25
2019,NUE_2,2019-07-10,left_middle_L1,range_6,G0611431.JPG,0,312,2019/NUE_2/2019-07-10/left_middle_L1/range_6,0.5
2019,NUE_2,2019-07-10,left_middle_L1,range_6,G0611432.JPG,0,313,2019/NUE_2/2019-07-10/left_middle_L1/range_6,0.75
2019,NUE_2,2019-07-10,left_middle_L1,range_6,G0611433.JPG,1,314,2019/NUE_2/2019-07-10/left_middle_L1/range_6,1.0
2019,NUE_2,2019-07-10,left_middle_L1,range_6,G0611434.JPG,0,315,2019/NUE_2/2019-07-10/left_middle_L1/range_6,0.75
2019,NUE_2,2019-07-10,left_middle_L1,range_6,G0611435.JPG,0,316,2019/NUE_2/2019-07-10/left_middle_L1/range_6,0.5
2019,NUE_2,2019-07-10,left_middle_L1,range_6,G0611436.JPG,0,317,2019/NUE_2/2019-07-10/left_middle_L1/range_6,0.25
2019,NUE_2,2019-07-10,left_middle_L1,range_6,G0611437.JPG,0,318,2019/NUE_2/2019-07-10/left_middle_L1/range_6,0.5
2019,NUE_2,2019-07-10,left_middle_L1,range_6,G0611438.JPG,0,319,2019/NUE_2/2019-07-10/left_middle_L1/range_6,0.75
2019,NUE_2,2019-07-10,left_middle_L1,range_6,G0611439.JPG,1,320,2019/NUE_2/2019-07-10/left_middle_L1/range_6,1.0
2019,NUE_2,2019-07-10,left_middle_L1,range_6,G0611440.JPG,0,321,2019/NUE_2/2019-07-10/left_middle_L1/range_6,0.75
2019,NUE_2,2019-07-10,left_middle_L1,range_6,G0611441.JPG,0,322,2019/NUE_2/2019-07-10/left_middle_L1/range_6,0.5
2019,NUE_2,2019-07-10,left_middle_L1,range_6,G0611442.JPG,0,323,2019/NUE_2/2019-07-10/left_middle_L1/range_6,0.25
2019,NUE_2,2019-07-10,left_middle_L1,range_6,G0611443.JPG,0,324,2019/NUE_2/2019-07-10/left_middle_L1/range_6,0.25
2019,NUE_2,2019-07-10,left_middle_L1,range_6,G0611444.JPG,0,325,2019/NUE_2/2019-07-10/left_middle_L1/range_6,0.5
2019,NUE_2,2019-07-10,left_middle_L1,range_6,G0611445.JPG,0,326,2019/NUE_2/2019-07-10/left_middle_L1/range_6,0.75
2019,NUE_2,2019-07-10,left_middle_L1,range_6,G0611446.JPG,1,327,2019/NUE_2/2019-07-10/left_middle_L1/range_6,1.0
2019,NUE_2,2019-07-10,left_middle_L1,range_6,G0611447.JPG,0,328,2019/NUE_2/2019-07-10/left_middle_L1/range_6,0.75
2019,NUE_2,2019-07-10,left_middle_L1,range_6,G0611448.JPG,0,329,2019/NUE_2/2019-07-10/left_middle_L1/range_6,0.5
2019,NUE_2,2019-07-10,left_middle_L1,range_6,G0611449.JPG,0,330,2019/NUE_2/2019-07-10/left_middle_L1/range_6,0.25
2019,NUE_2,2019-07-10,left_middle_L1,range_6,G0611450.JPG,0,331,2019/NUE_2/2019-07-10/left_middle_L1/range_6,0.25
2019,NUE_2,2019-07-10,left_middle_L1,range_6,G0611451.JPG,0,332,2019/NUE_2/2019-07-10/left_middle_L1/range_6,0.5
2019,NUE_2,2019-07-10,left_middle_L1,range_6,G0611452.JPG,0,333,2019/NUE_2/2019-07-10/left_middle_L1/range_6,0.75
2019,NUE_2,2019-07-10,left_middle_L1,range_6,G0611453.JPG,1,334,2019/NUE_2/2019-07-10/left_middle_L1/range_6,1.0
2019,NUE_2,2019-07-10,left_middle_L1,range_6,G0611454.JPG,0,335,2019/NUE_2/2019-07-10/left_middle_L1/range_6,0.75
2019,NUE_2,2019-07-10,left_middle_L1,range_6,G0611455.JPG,0,336,2019/NUE_2/2019-07-10/left_middle_L1/range_6,0.5
2019,NUE_2,2019-07-10,left_middle_L1,range_6,G0611456.JPG,0,337,2019/NUE_2/2019-07-10/left_middle_L1/range_6,0.25
2019,NUE_2,2019-07-10,left_middle_L1,range_6,G0611457.JPG,0,338,2019/NUE_2/2019-07-10/left_middle_L1/range_6,0.25
2019,NUE_2,2019-07-10,left_middle_L1,range_6,G0611458.JPG,0,339,2019/NUE_2/2019-07-10/left_middle_L1/range_6,0.5
2019,NUE_2,2019-07-10,left_middle_L1,range_6,G0611459.JPG,0,340,2019/NUE_2/2019-07-10/left_middle_L1/range_6,0.75
2019,NUE_2,2019-07-10,left_middle_L1,range_6,G0611460.JPG,1,341,2019/NUE_2/2019-07-10/left_middle_L1/range_6,1.0
2019,NUE_2,2019-07-10,left_middle_L1,range_6,G0611461.JPG,0,342,2019/NUE_2/2019-07-10/left_middle_L1/range_6,0.75
2019,NUE_2,2019-07-10,left_middle_L1,range_6,G0611462.JPG,0,343,2019/NUE_2/2019-07-10/left_middle_L1/range_6,0.5
2019,NUE_2,2019-07-10,left_middle_L1,range_6,G0611463.JPG,0,344,2019/NUE_2/2019-07-10/left_middle_L1/range_6,0.25
2019,NUE_2,2019-07-10,left_middle_L1,range_6,G0611464.JPG,0,345,2019/NUE_2/2019-07-10/left_middle_L1/range_6,0.5
2019,NUE_2,2019-07-10,left_middle_L1,range_6,G0611465.JPG,0,346,2019/NUE_2/2019-07-10/left_middle_L1/range_6,0.75
2019,NUE_2,2019-07-10,left_middle_L1,range_6,G0611466.JPG,1,347,2019/NUE_2/2019-07-10/left_middle_L1/range_6,1.0
2019,NUE_2,2019-07-10,left_middle_L1,range_6,G0611467.JPG,0,348,2019/NUE_2/2019-07-10/left_middle_L1/range_6,0.75
2019,NUE_2,2019-07-10,left_middle_L1,range_6,G0611468.JPG,0,349,2019/NUE_2/2019-07-10/left_middle_L1/range_6,0.5
2019,NUE_2,2019-07-10,left_middle_L1,range_6,G0611469.JPG,0,350,2019/NUE_2/2019-07-10/left_middle_L1/range_6,0.25
2019,NUE_2,2019-07-10,left_middle_L1,range_6,G0611470.JPG,0,351,2019/NUE_2/2019-07-10/left_middle_L1/range_6,0.0
2019,NUE_2,2019-07-10,left_middle_L1,range_6,G0611471.JPG,0,352,2019/NUE_2/2019-07-10/left_middle_L1/range_6,0.25
2019,NUE_2,2019-07-10,left_middle_L1,range_6,G0611472.JPG,0,353,2019/NUE_2/2019-07-10/left_middle_L1/range_6,0.5
2019,NUE_2,2019-07-10,left_middle_L1,range_6,G0611473.JPG,0,354,2019/NUE_2/2019-07-10/left_middle_L1/range_6,0.75
2019,NUE_2,2019-07-10,left_middle_L1,range_6,G0611474.JPG,1,355,2019/NUE_2/2019-07-10/left_middle_L1/range_6,1.0
2019,NUE_2,2019-07-10,left_middle_L1,range_6,G0611475.JPG,0,356,2019/NUE_2/2019-07-10/left_middle_L1/range_6,0.75
2019,NUE_2,2019-07-10,left_middle_L1,range_6,G0611476.JPG,0,357,2019/NUE_2/2019-07-10/left_middle_L1/range_6,0.5
2019,NUE_2,2019-07-10,left_middle_L1,range_6,G0611477.JPG,0,358,2019/NUE_2/2019-07-10/left_middle_L1/range_6,0.25
2019,NUE_2,2019-07-10,left_middle_L1,range_6,G0611478.JPG,0,359,2019/NUE_2/2019-07-10/left_middle_L1/range_6,0.5
2019,NUE_2,2019-07-10,left_middle_L1,range_6,G0611479.JPG,0,360,2019/NUE_2/2019-07-10/left_middle_L1/range_6,0.75
2019,NUE_2,2019-07-10,left_middle_L1,range_6,G0611480.JPG,1,361,2019/NUE_2/2019-07-10/left_middle_L1/range_6,1.0
2019,NUE_2,2019-07-10,left_middle_L1,range_6,G0611481.JPG,0,362,2019/NUE_2/2019-07-10/left_middle_L1/range_6,0.75
2019,NUE_2,2019-07-10,left_middle_L1,range_6,G0611482.JPG,0,363,2019/NUE_2/2019-07-10/left_middle_L1/range_6,0.5
2019,NUE_2,2019-07-10,left_middle_L1,range_6,G0611483.JPG,0,364,2019/NUE_2/2019-07-10/left_middle_L1/range_6,0.25
2019,NUE_2,2019-07-10,left_middle_L1,range_6,G0611484.JPG,0,365,2019/NUE_2/2019-07-10/left_middle_L1/range_6,0.25
2019,NUE_2,2019-07-10,left_middle_L1,range_6,G0611485.JPG,0,366,2019/NUE_2/2019-07-10/left_middle_L1/range_6,0.5
2019,NUE_2,2019-07-10,left_middle_L1,range_6,G0611486.JPG,0,367,2019/NUE_2/2019-07-10/left_middle_L1/range_6,0.75
2019,NUE_2,2019-07-10,left_middle_L1,range_6,G0611487.JPG,1,368,2019/NUE_2/2019-07-10/left_middle_L1/range_6,1.0
2019,NUE_2,2019-07-10,left_middle_L1,range_6,G0611488.JPG,0,369,2019/NUE_2/2019-07-10/left_middle_L1/range_6,0.75
2019,NUE_2,2019-07-10,left_middle_L1,range_6,G0611489.JPG,0,370,2019/NUE_2/2019-07-10/left_middle_L1/range_6,0.5
2019,NUE_2,2019-07-10,left_middle_L1,range_6,G0611490.JPG,0,371,2019/NUE_2/2019-07-10/left_middle_L1/range_6,0.25
2019,NUE_2,2019-07-10,left_middle_L1,range_6,G0611491.JPG,0,372,2019/NUE_2/2019-07-10/left_middle_L1/range_6,0.25
2019,NUE_2,2019-07-10,left_middle_L1,range_6,G0611492.JPG,0,373,2019/NUE_2/2019-07-10/left_middle_L1/range_6,0.5
2019,NUE_2,2019-07-10,left_middle_L1,range_6,G0611493.JPG,0,374,2019/NUE_2/2019-07-10/left_middle_L1/range_6,0.75
2019,NUE_2,2019-07-10,left_middle_L1,range_6,G0611494.JPG,1,375,2019/NUE_2/2019-07-10/left_middle_L1/range_6,1.0
2019,NUE_2,2019-07-10,left_middle_L1,range_6,G0611495.JPG,0,376,2019/NUE_2/2019-07-10/left_middle_L1/range_6,0.75
2019,NUE_2,2019-07-10,left_middle_L1,range_6,G0611496.JPG,0,377,2019/NUE_2/2019-07-10/left_middle_L1/range_6,0.5
2019,NUE_2,2019-07-10,left_middle_L1,range_6,G0611497.JPG,0,378,2019/NUE_2/2019-07-10/left_middle_L1/range_6,0.25
2019,NUE_2,2019-07-10,left_middle_L1,range_6,G0611498.JPG,0,379,2019/NUE_2/2019-07-10/left_middle_L1/range_6,0.25
2019,NUE_2,2019-07-10,left_middle_L1,range_6,G0611499.JPG,0,380,2019/NUE_2/2019-07-10/left_middle_L1/range_6,0.5
2019,NUE_2,2019-07-10,left_middle_L1,range_6,G0611500.JPG,0,381,2019/NUE_2/2019-07-10/left_middle_L1/range_6,0.75
2019,NUE_2,2019-07-10,left_middle_L1,range_6,G0611501.JPG,1,382,2019/NUE_2/2019-07-10/left_middle_L1/range_6,1.0
2019,NUE_2,2019-07-10,left_middle_L1,range_6,G0611502.JPG,0,383,2019/NUE_2/2019-07-10/left_middle_L1/range_6,0.75
2019,NUE_2,2019-07-10,left_middle_L1,range_6,G0611503.JPG,0,384,2019/NUE_2/2019-07-10/left_middle_L1/range_6,0.5
2019,NUE_2,2019-07-10,left_middle_L1,range_6,G0611504.JPG,0,385,2019/NUE_2/2019-07-10/left_middle_L1/range_6,0.25
2019,NUE_2,2019-07-10,left_middle_L1,range_6,G0611505.JPG,0,386,2019/NUE_2/2019-07-10/left_middle_L1/range_6,0.5
2019,NUE_2,2019-07-10,left_middle_L1,range_6,G0611506.JPG,0,387,2019/NUE_2/2019-07-10/left_middle_L1/range_6,0.75
2019,NUE_2,2019-07-10,left_middle_L1,range_6,G0611507.JPG,1,388,2019/NUE_2/2019-07-10/left_middle_L1/range_6,1.0
2019,NUE_2,2019-07-10,left_middle_L1,range_6,G0611508.JPG,0,389,2019/NUE_2/2019-07-10/left_middle_L1/range_6,0.75
2019,NUE_2,2019-07-10,left_middle_L1,range_6,G0611509.JPG,0,390,2019/NUE_2/2019-07-10/left_middle_L1/range_6,0.5
2019,NUE_2,2019-07-10,left_middle_L1,range_6,G0611510.JPG,0,391,2019/NUE_2/2019-07-10/left_middle_L1/range_6,0.25
2019,NUE_2,2019-07-10,left_middle_L1,range_6,G0611511.JPG,0,392,2019/NUE_2/2019-07-10/left_middle_L1/range_6,0.0
2019,NUE_2,2019-07-10,left_middle_L1,range_6,G0611512.JPG,0,393,2019/NUE_2/2019-07-10/left_middle_L1/range_6,0.25
2019,NUE_2,2019-07-10,left_middle_L1,range_6,G0611513.JPG,0,394,2019/NUE_2/2019-07-10/left_middle_L1/range_6,0.5
2019,NUE_2,2019-07-10,left_middle_L1,range_6,G0611514.JPG,0,395,2019/NUE_2/2019-07-10/left_middle_L1/range_6,0.75
2019,NUE_2,2019-07-10,left_middle_L1,range_6,G0611515.JPG,1,396,2019/NUE_2/2019-07-10/left_middle_L1/range_6,1.0
2019,NUE_2,2019-07-10,left_middle_L1,range_6,G0611516.JPG,0,397,2019/NUE_2/2019-07-10/left_middle_L1/range_6,0.75
2019,NUE_2,2019-07-10,left_middle_L1,range_6,G0611517.JPG,0,398,2019/NUE_2/2019-07-10/left_middle_L1/range_6,0.5
2019,NUE_2,2019-07-10,left_middle_L1,range_6,G0611518.JPG,0,399,2019/NUE_2/2019-07-10/left_middle_L1/range_6,0.25
2019,NUE_2,2019-07-10,left_middle_L1,range_6,G0611519.JPG,0,400,2019/NUE_2/2019-07-10/left_middle_L1/range_6,0.5
2019,NUE_2,2019-07-10,left_middle_L1,range_6,G0611520.JPG,0,401,2019/NUE_2/2019-07-10/left_middle_L1/range_6,0.75
2019,NUE_2,2019-07-10,left_middle_L1,range_6,G0611521.JPG,1,402,2019/NUE_2/2019-07-10/left_middle_L1/range_6,1.0
2019,NUE_2,2019-07-10,left_middle_L1,range_6,G0611522.JPG,0,403,2019/NUE_2/2019-07-10/left_middle_L1/range_6,0.75
2019,NUE_2,2019-07-10,left_middle_L1,range_6,G0611523.JPG,0,404,2019/NUE_2/2019-07-10/left_middle_L1/range_6,0.5
2019,NUE_2,2019-07-10,left_middle_L1,range_6,G0611524.JPG,0,405,2019/NUE_2/2019-07-10/left_middle_L1/range_6,0.25
2019,NUE_2,2019-07-10,left_middle_L1,range_6,G0611525.JPG,0,406,2019/NUE_2/2019-07-10/left_middle_L1/range_6,0.25
2019,NUE_2,2019-07-10,left_middle_L1,range_6,G0611526.JPG,0,407,2019/NUE_2/2019-07-10/left_middle_L1/range_6,0.5
2019,NUE_2,2019-07-10,left_middle_L1,range_6,G0611527.JPG,0,408,2019/NUE_2/2019-07-10/left_middle_L1/range_6,0.75
2019,NUE_2,2019-07-10,left_middle_L1,range_6,G0611528.JPG,1,409,2019/NUE_2/2019-07-10/left_middle_L1/range_6,1.0
2019,NUE_2,2019-07-10,left_middle_L1,range_6,G0611529.JPG,0,410,2019/NUE_2/2019-07-10/left_middle_L1/range_6,0.75
2019,NUE_2,2019-07-10,left_middle_L1,range_6,G0611530.JPG,0,411,2019/NUE_2/2019-07-10/left_middle_L1/range_6,0.5
2019,NUE_2,2019-07-10,left_middle_L1,range_6,G0611531.JPG,0,412,2019/NUE_2/2019-07-10/left_middle_L1/range_6,0.25
2019,NUE_2,2019-07-10,left_middle_L1,range_6,G0611532.JPG,0,413,2019/NUE_2/2019-07-10/left_middle_L1/range_6,0.25
2019,NUE_2,2019-07-10,left_middle_L1,range_6,G0611533.JPG,0,414,2019/NUE_2/2019-07-10/left_middle_L1/range_6,0.5
2019,NUE_2,2019-07-10,left_middle_L1,range_6,G0611534.JPG,0,415,2019/NUE_2/2019-07-10/left_middle_L1/range_6,0.75
2019,NUE_2,2019-07-10,left_middle_L1,range_6,G0611535.JPG,1,416,2019/NUE_2/2019-07-10/left_middle_L1/range_6,1.0
2019,NUE_2,2019-07-10,left_middle_L1,range_6,G0611536.JPG,0,417,2019/NUE_2/2019-07-10/left_middle_L1/range_6,0.75
2019,NUE_2,2019-07-10,left_middle_L1,range_6,G0611537.JPG,0,418,2019/NUE_2/2019-07-10/left_middle_L1/range_6,0.5
2019,NUE_2,2019-07-10,left_middle_L1,range_6,G0611538.JPG,0,419,2019/NUE_2/2019-07-10/left_middle_L1/range_6,0.25
2019,NUE_2,2019-07-10,left_middle_L1,range_6,G0611539.JPG,0,420,2019/NUE_2/2019-07-10/left_middle_L1/range_6,0.25
2019,NUE_2,2019-07-10,left_middle_L1,range_6,G0611540.JPG,0,421,2019/NUE_2/2019-07-10/left_middle_L1/range_6,0.5
2019,NUE_2,2019-07-10,left_middle_L1,range_6,G0611541.JPG,0,422,2019/NUE_2/2019-07-10/left_middle_L1/range_6,0.75
2019,NUE_2,2019-07-10,left_middle_L1,range_6,G0611542.JPG,1,423,2019/NUE_2/2019-07-10/left_middle_L1/range_6,1.0
2019,NUE_2,2019-07-10,left_middle_L1,range_6,G0611543.JPG,0,424,2019/NUE_2/2019-07-10/left_middle_L1/range_6,0.75
2019,NUE_2,2019-07-10,left_middle_L1,range_6,G0611544.JPG,0,425,2019/NUE_2/2019-07-10/left_middle_L1/range_6,0.5
2019,NUE_2,2019-07-10,left_middle_L1,range_6,G0611545.JPG,0,426,2019/NUE_2/2019-07-10/left_middle_L1/range_6,0.25
2019,NUE_2,2019-07-10,left_middle_L1,range_6,G0611546.JPG,0,427,2019/NUE_2/2019-07-10/left_middle_L1/range_6,0.25
2019,NUE_2,2019-07-10,left_middle_L1,range_6,G0611547.JPG,0,428,2019/NUE_2/2019-07-10/left_middle_L1/range_6,0.5
2019,NUE_2,2019-07-10,left_middle_L1,range_6,G0611548.JPG,0,429,2019/NUE_2/2019-07-10/left_middle_L1/range_6,0.75
2019,NUE_2,2019-07-10,left_middle_L1,range_6,G0611549.JPG,1,430,2019/NUE_2/2019-07-10/left_middle_L1/range_6,1.0
2019,NUE_2,2019-07-10,left_middle_L1,range_6,G0611550.JPG,0,431,2019/NUE_2/2019-07-10/left_middle_L1/range_6,0.75
2019,NUE_2,2019-07-10,left_middle_L1,range_6,G0611551.JPG,0,432,2019/NUE_2/2019-07-10/left_middle_L1/range_6,0.5
2019,NUE_2,2019-07-10,left_middle_L1,range_6,G0611552.JPG,0,433,2019/NUE_2/2019-07-10/left_middle_L1/range_6,0.25
2019,NUE_2,2019-07-10,left_middle_L1,range_6,G0611553.JPG,0,434,2019/NUE_2/2019-07-10/left_middle_L1/range_6,0.25
2019,NUE_2,2019-07-10,left_middle_L1,range_6,G0611554.JPG,0,435,2019/NUE_2/2019-07-10/left_middle_L1/range_6,0.5
2019,NUE_2,2019-07-10,left_middle_L1,range_6,G0611555.JPG,0,436,2019/NUE_2/2019-07-10/left_middle_L1/range_6,0.75
2019,NUE_2,2019-07-10,left_middle_L1,range_6,G0611556.JPG,1,437,2019/NUE_2/2019-07-10/left_middle_L1/range_6,1.0
2019,NUE_2,2019-07-10,left_middle_L1,range_6,G0611557.JPG,0,438,2019/NUE_2/2019-07-10/left_middle_L1/range_6,0.75
2019,NUE_2,2019-07-10,left_middle_L1,range_6,G0611558.JPG,0,439,2019/NUE_2/2019-07-10/left_middle_L1/range_6,0.5
2019,NUE_2,2019-07-10,left_middle_L1,range_6,G0621559.JPG,0,440,2019/NUE_2/2019-07-10/left_middle_L1/range_6,0.25
2019,NUE_2,2019-07-10,left_middle_L1,range_6,G0621560.JPG,0,441,2019/NUE_2/2019-07-10/left_middle_L1/range_6,0.0
2019,NUE_2,2019-07-10,left_middle_L1,range_6,G0621561.JPG,0,442,2019/NUE_2/2019-07-10/left_middle_L1/range_6,0.25
2019,NUE_2,2019-07-10,left_middle_L1,range_6,G0621562.JPG,0,443,2019/NUE_2/2019-07-10/left_middle_L1/range_6,0.5
2019,NUE_2,2019-07-10,left_middle_L1,range_6,G0621563.JPG,0,444,2019/NUE_2/2019-07-10/left_middle_L1/range_6,0.75
2019,NUE_2,2019-07-10,left_middle_L1,range_6,G0621564.JPG,1,445,2019/NUE_2/2019-07-10/left_middle_L1/range_6,1.0
2019,NUE_2,2019-07-10,left_middle_L1,range_6,G0621565.JPG,0,446,2019/NUE_2/2019-07-10/left_middle_L1/range_6,0.75
2019,NUE_2,2019-07-10,left_middle_L1,range_6,G0621566.JPG,0,447,2019/NUE_2/2019-07-10/left_middle_L1/range_6,0.5
2019,NUE_2,2019-07-10,left_middle_L1,range_6,G0621567.JPG,0,448,2019/NUE_2/2019-07-10/left_middle_L1/range_6,0.25
2019,NUE_2,2019-07-10,left_middle_L1,range_6,G0621568.JPG,0,449,2019/NUE_2/2019-07-10/left_middle_L1/range_6,0.25
2019,NUE_2,2019-07-10,left_middle_L1,range_6,G0621569.JPG,0,450,2019/NUE_2/2019-07-10/left_middle_L1/range_6,0.5
2019,NUE_2,2019-07-10,left_middle_L1,range_6,G0621570.JPG,0,451,2019/NUE_2/2019-07-10/left_middle_L1/range_6,0.75
2019,NUE_2,2019-07-10,left_middle_L1,range_6,G0621571.JPG,1,452,2019/NUE_2/2019-07-10/left_middle_L1/range_6,1.0
2019,NUE_2,2019-07-10,left_middle_L1,range_6,G0621572.JPG,0,453,2019/NUE_2/2019-07-10/left_middle_L1/range_6,0.75
2019,NUE_2,2019-07-10,left_middle_L1,range_6,G0621573.JPG,0,454,2019/NUE_2/2019-07-10/left_middle_L1/range_6,0.5
2019,NUE_2,2019-07-10,left_middle_L1,range_6,G0621574.JPG,0,455,2019/NUE_2/2019-07-10/left_middle_L1/range_6,0.25
2019,NUE_2,2019-07-10,left_middle_L1,range_6,G0621575.JPG,0,456,2019/NUE_2/2019-07-10/left_middle_L1/range_6,0.25
2019,NUE_2,2019-07-10,left_middle_L1,range_6,G0621576.JPG,0,457,2019/NUE_2/2019-07-10/left_middle_L1/range_6,0.5
2019,NUE_2,2019-07-10,left_middle_L1,range_6,G0621577.JPG,0,458,2019/NUE_2/2019-07-10/left_middle_L1/range_6,0.75
2019,NUE_2,2019-07-10,left_middle_L1,range_6,G0621578.JPG,1,459,2019/NUE_2/2019-07-10/left_middle_L1/range_6,1.0
2019,NUE_2,2019-07-10,left_middle_L1,range_6,G0621579.JPG,0,460,2019/NUE_2/2019-07-10/left_middle_L1/range_6,0.75
2019,NUE_2,2019-07-10,left_middle_L1,range_6,G0621580.JPG,0,461,2019/NUE_2/2019-07-10/left_middle_L1/range_6,0.5
2019,NUE_2,2019-07-10,left_middle_L1,range_6,G0621581.JPG,0,462,2019/NUE_2/2019-07-10/left_middle_L1/range_6,0.25
2019,NUE_2,2019-07-10,left_middle_L1,range_6,G0621582.JPG,0,463,2019/NUE_2/2019-07-10/left_middle_L1/range_6,0.25
2019,NUE_2,2019-07-10,left_middle_L1,range_6,G0621583.JPG,0,464,2019/NUE_2/2019-07-10/left_middle_L1/range_6,0.5
2019,NUE_2,2019-07-10,left_middle_L1,range_6,G0621584.JPG,0,465,2019/NUE_2/2019-07-10/left_middle_L1/range_6,0.75
2019,NUE_2,2019-07-10,left_middle_L1,range_6,G0621585.JPG,1,466,2019/NUE_2/2019-07-10/left_middle_L1/range_6,1.0
2019,NUE_2,2019-07-10,left_middle_L1,range_6,G0621586.JPG,0,467,2019/NUE_2/2019-07-10/left_middle_L1/range_6,0.75
2019,NUE_2,2019-07-10,left_middle_L1,range_6,G0621587.JPG,0,468,2019/NUE_2/2019-07-10/left_middle_L1/range_6,0.5
2019,NUE_2,2019-07-10,left_middle_L1,range_6,G0621588.JPG,0,469,2019/NUE_2/2019-07-10/left_middle_L1/range_6,0.25
2019,NUE_2,2019-07-10,left_middle_L1,range_6,G0621589.JPG,0,470,2019/NUE_2/2019-07-10/left_middle_L1/range_6,0.25
2019,NUE_2,2019-07-10,left_middle_L1,range_6,G0621590.JPG,0,471,2019/NUE_2/2019-07-10/left_middle_L1/range_6,0.5
2019,NUE_2,2019-07-10,left_middle_L1,range_6,G0621591.JPG,0,472,2019/NUE_2/2019-07-10/left_middle_L1/range_6,0.75
2019,NUE_2,2019-07-10,left_middle_L1,range_6,G0621592.JPG,1,473,2019/NUE_2/2019-07-10/left_middle_L1/range_6,1.0
2019,NUE_2,2019-07-10,left_middle_L1,range_6,G0621593.JPG,0,474,2019/NUE_2/2019-07-10/left_middle_L1/range_6,0.75
2019,NUE_2,2019-07-10,left_middle_L1,range_6,G0621594.JPG,0,475,2019/NUE_2/2019-07-10/left_middle_L1/range_6,0.5
2019,NUE_2,2019-07-10,left_middle_L1,range_6,G0621595.JPG,0,476,2019/NUE_2/2019-07-10/left_middle_L1/range_6,0.25
2019,NUE_2,2019-07-10,left_middle_L1,range_6,G0621596.JPG,0,477,2019/NUE_2/2019-07-10/left_middle_L1/range_6,0.25
2019,NUE_2,2019-07-10,left_middle_L1,range_6,G0621597.JPG,0,478,2019/NUE_2/2019-07-10/left_middle_L1/range_6,0.5
2019,NUE_2,2019-07-10,left_middle_L1,range_6,G0621598.JPG,0,479,2019/NUE_2/2019-07-10/left_middle_L1/range_6,0.75
2019,NUE_2,2019-07-10,left_middle_L1,range_6,G0621599.JPG,1,480,2019/NUE_2/2019-07-10/left_middle_L1/range_6,1.0
2019,NUE_2,2019-07-10,left_middle_L1,range_6,G0621600.JPG,0,481,2019/NUE_2/2019-07-10/left_middle_L1/range_6,0.75
2019,NUE_2,2019-07-10,left_middle_L1,range_6,G0621601.JPG,0,482,2019/NUE_2/2019-07-10/left_middle_L1/range_6,0.5
2019,NUE_2,2019-07-10,left_middle_L1,range_6,G0621602.JPG,0,483,2019/NUE_2/2019-07-10/left_middle_L1/range_6,0.25
2019,NUE_2,2019-07-10,left_middle_L1,range_6,G0621603.JPG,0,484,2019/NUE_2/2019-07-10/left_middle_L1/range_6,0.5
2019,NUE_2,2019-07-10,left_middle_L1,range_6,G0621604.JPG,0,485,2019/NUE_2/2019-07-10/left_middle_L1/range_6,0.75
2019,NUE_2,2019-07-10,left_middle_L1,range_6,G0621605.JPG,1,486,2019/NUE_2/2019-07-10/left_middle_L1/range_6,1.0
2019,NUE_2,2019-07-10,left_middle_L1,range_6,G0621606.JPG,0,487,2019/NUE_2/2019-07-10/left_middle_L1/range_6,0.75
2019,NUE_2,2019-07-10,left_middle_L1,range_6,G0621607.JPG,0,488,2019/NUE_2/2019-07-10/left_middle_L1/range_6,0.5
2019,NUE_2,2019-07-10,left_middle_L1,range_6,G0621608.JPG,0,489,2019/NUE_2/2019-07-10/left_middle_L1/range_6,0.25
2019,NUE_2,2019-07-10,left_middle_L1,range_6,G0621609.JPG,0,490,2019/NUE_2/2019-07-10/left_middle_L1/range_6,0.0
2019,NUE_2,2019-07-10,left_middle_L1,range_6,G0621610.JPG,0,491,2019/NUE_2/2019-07-10/left_middle_L1/range_6,0.25
2019,NUE_2,2019-07-10,left_middle_L1,range_6,G0621611.JPG,0,492,2019/NUE_2/2019-07-10/left_middle_L1/range_6,0.5
2019,NUE_2,2019-07-10,left_middle_L1,range_6,G0621612.JPG,0,493,2019/NUE_2/2019-07-10/left_middle_L1/range_6,0.75
2019,NUE_2,2019-07-10,left_middle_L1,range_6,G0621613.JPG,1,494,2019/NUE_2/2019-07-10/left_middle_L1/range_6,1.0
2019,NUE_2,2019-07-10,left_middle_L1,range_6,G0621614.JPG,0,495,2019/NUE_2/2019-07-10/left_middle_L1/range_6,0.75
2019,NUE_2,2019-07-10,left_middle_L1,range_6,G0621615.JPG,0,496,2019/NUE_2/2019-07-10/left_middle_L1/range_6,0.5
2019,NUE_2,2019-07-10,left_middle_L1,range_6,G0621616.JPG,0,497,2019/NUE_2/2019-07-10/left_middle_L1/range_6,0.25
2019,NUE_2,2019-07-10,left_middle_L1,range_6,G0621617.JPG,0,498,2019/NUE_2/2019-07-10/left_middle_L1/range_6,0.5
2019,NUE_2,2019-07-10,left_middle_L1,range_6,G0621618.JPG,0,499,2019/NUE_2/2019-07-10/left_middle_L1/range_6,0.75
2019,NUE_2,2019-07-10,left_middle_L1,range_6,G0621619.JPG,1,500,2019/NUE_2/2019-07-10/left_middle_L1/range_6,1.0
2019,NUE_2,2019-07-10,left_middle_L1,range_6,G0621620.JPG,0,501,2019/NUE_2/2019-07-10/left_middle_L1/range_6,0.75
2019,NUE_2,2019-07-10,left_middle_L1,range_6,G0621621.JPG,0,502,2019/NUE_2/2019-07-10/left_middle_L1/range_6,0.5
2019,NUE_2,2019-07-10,left_middle_L1,range_6,G0621622.JPG,0,503,2019/NUE_2/2019-07-10/left_middle_L1/range_6,0.25
2019,NUE_2,2019-07-10,left_middle_L1,range_6,G0621623.JPG,0,504,2019/NUE_2/2019-07-10/left_middle_L1/range_6,0.25
2019,NUE_2,2019-07-10,left_middle_L1,range_6,G0621624.JPG,0,505,2019/NUE_2/2019-07-10/left_middle_L1/range_6,0.5
2019,NUE_2,2019-07-10,left_middle_L1,range_6,G0621625.JPG,0,506,2019/NUE_2/2019-07-10/left_middle_L1/range_6,0.75
2019,NUE_2,2019-07-10,left_middle_L1,range_6,G0621626.JPG,1,507,2019/NUE_2/2019-07-10/left_middle_L1/range_6,1.0
2019,NUE_2,2019-07-10,left_middle_L1,range_6,G0621627.JPG,0,508,2019/NUE_2/2019-07-10/left_middle_L1/range_6,0.75
2019,NUE_2,2019-07-10,left_middle_L1,range_6,G0621628.JPG,0,509,2019/NUE_2/2019-07-10/left_middle_L1/range_6,0.5
2019,NUE_2,2019-07-10,left_middle_L1,range_6,G0621629.JPG,0,510,2019/NUE_2/2019-07-10/left_middle_L1/range_6,0.25
2019,NUE_2,2019-07-10,left_middle_L1,range_6,G0621630.JPG,0,511,2019/NUE_2/2019-07-10/left_middle_L1/range_6,0.25
2019,NUE_2,2019-07-10,left_middle_L1,range_6,G0621631.JPG,0,512,2019/NUE_2/2019-07-10/left_middle_L1/range_6,0.5
2019,NUE_2,2019-07-10,left_middle_L1,range_6,G0621632.JPG,0,513,2019/NUE_2/2019-07-10/left_middle_L1/range_6,0.75
2019,NUE_2,2019-07-10,left_middle_L1,range_6,G0621633.JPG,1,514,2019/NUE_2/2019-07-10/left_middle_L1/range_6,1.0
2019,NUE_2,2019-07-10,left_middle_L1,range_6,G0621634.JPG,0,515,2019/NUE_2/2019-07-10/left_middle_L1/range_6,0.75
2019,NUE_2,2019-07-10,left_middle_L1,range_6,G0621635.JPG,0,516,2019/NUE_2/2019-07-10/left_middle_L1/range_6,0.5
2019,NUE_2,2019-07-10,left_middle_L1,range_6,G0621636.JPG,0,517,2019/NUE_2/2019-07-10/left_middle_L1/range_6,0.25
2019,NUE_2,2019-07-10,left_middle_L1,range_6,G0621637.JPG,0,518,2019/NUE_2/2019-07-10/left_middle_L1/range_6,0.25
2019,NUE_2,2019-07-10,left_middle_L1,range_6,G0621638.JPG,0,519,2019/NUE_2/2019-07-10/left_middle_L1/range_6,0.5
2019,NUE_2,2019-07-10,left_middle_L1,range_6,G0621639.JPG,0,520,2019/NUE_2/2019-07-10/left_middle_L1/range_6,0.75
2019,NUE_2,2019-07-10,left_middle_L1,range_6,G0621640.JPG,1,521,2019/NUE_2/2019-07-10/left_middle_L1/range_6,1.0
2019,NUE_2,2019-07-10,left_middle_L1,range_6,G0621641.JPG,0,522,2019/NUE_2/2019-07-10/left_middle_L1/range_6,0.75
2019,NUE_2,2019-07-10,left_middle_L1,range_6,G0621642.JPG,0,523,2019/NUE_2/2019-07-10/left_middle_L1/range_6,0.5
2019,NUE_2,2019-07-10,left_middle_L1,range_6,G0621643.JPG,0,524,2019/NUE_2/2019-07-10/left_middle_L1/range_6,0.25
2019,NUE_2,2019-07-10,left_middle_L1,range_6,G0621644.JPG,0,525,2019/NUE_2/2019-07-10/left_middle_L1/range_6,0.5
2019,NUE_2,2019-07-10,left_middle_L1,range_6,G0621645.JPG,0,526,2019/NUE_2/2019-07-10/left_middle_L1/range_6,0.75
2019,NUE_2,2019-07-10,left_middle_L1,range_6,G0621646.JPG,1,527,2019/NUE_2/2019-07-10/left_middle_L1/range_6,1.0
2019,NUE_2,2019-07-10,left_middle_L1,range_6,G0621647.JPG,0,528,2019/NUE_2/2019-07-10/left_middle_L1/range_6,0.75
2019,NUE_2,2019-07-10,left_middle_L1,range_6,G0621648.JPG,0,529,2019/NUE_2/2019-07-10/left_middle_L1/range_6,0.5
2019,NUE_2,2019-07-10,left_middle_L1,range_6,G0621649.JPG,0,530,2019/NUE_2/2019-07-10/left_middle_L1/range_6,0.25
2019,NUE_2,2019-07-10,left_middle_L1,range_6,G0621650.JPG,0,531,2019/NUE_2/2019-07-10/left_middle_L1/range_6,0.0
2019,NUE_2,2019-07-10,left_middle_L1,range_6,G0621651.JPG,0,532,2019/NUE_2/2019-07-10/left_middle_L1/range_6,0.25
2019,NUE_2,2019-07-10,left_middle_L1,range_6,G0621652.JPG,0,533,2019/NUE_2/2019-07-10/left_middle_L1/range_6,0.5
2019,NUE_2,2019-07-10,left_middle_L1,range_6,G0621653.JPG,0,534,2019/NUE_2/2019-07-10/left_middle_L1/range_6,0.75
2019,NUE_2,2019-07-10,left_middle_L1,range_6,G0621654.JPG,1,535,2019/NUE_2/2019-07-10/left_middle_L1/range_6,1.0
2019,NUE_2,2019-07-10,left_middle_L1,range_6,G0621655.JPG,0,536,2019/NUE_2/2019-07-10/left_middle_L1/range_6,0.75
2019,NUE_2,2019-07-10,left_middle_L1,range_6,G0621656.JPG,0,537,2019/NUE_2/2019-07-10/left_middle_L1/range_6,0.5
2019,NUE_2,2019-07-10,left_middle_L1,range_6,G0621657.JPG,0,538,2019/NUE_2/2019-07-10/left_middle_L1/range_6,0.25
2019,NUE_2,2019-07-10,left_middle_L1,range_6,G0621658.JPG,0,539,2019/NUE_2/2019-07-10/left_middle_L1/range_6,0.5
2019,NUE_2,2019-07-10,left_middle_L1,range_6,G0621659.JPG,0,540,2019/NUE_2/2019-07-10/left_middle_L1/range_6,0.75
2019,NUE_2,2019-07-10,left_middle_L1,range_6,G0621660.JPG,1,541,2019/NUE_2/2019-07-10/left_middle_L1/range_6,1.0
2019,NUE_2,2019-07-10,left_middle_L1,range_6,G0621661.JPG,0,542,2019/NUE_2/2019-07-10/left_middle_L1/range_6,0.75
2019,NUE_2,2019-07-10,left_middle_L1,range_6,G0621662.JPG,0,543,2019/NUE_2/2019-07-10/left_middle_L1/range_6,0.5
2019,NUE_2,2019-07-10,left_middle_L1,range_6,G0621663.JPG,0,544,2019/NUE_2/2019-07-10/left_middle_L1/range_6,0.25
2019,NUE_2,2019-07-10,left_middle_L1,range_6,G0621664.JPG,0,545,2019/NUE_2/2019-07-10/left_middle_L1/range_6,0.25
2019,NUE_2,2019-07-10,left_middle_L1,range_6,G0621665.JPG,0,546,2019/NUE_2/2019-07-10/left_middle_L1/range_6,0.5
2019,NUE_2,2019-07-10,left_middle_L1,range_6,G0621666.JPG,0,547,2019/NUE_2/2019-07-10/left_middle_L1/range_6,0.75
2019,NUE_2,2019-07-10,left_middle_L1,range_6,G0621667.JPG,1,548,2019/NUE_2/2019-07-10/left_middle_L1/range_6,1.0
2019,NUE_2,2019-07-10,left_middle_L1,range_6,G0621668.JPG,0,549,2019/NUE_2/2019-07-10/left_middle_L1/range_6,0.75
2019,NUE_2,2019-07-10,left_middle_L1,range_6,G0621669.JPG,0,550,2019/NUE_2/2019-07-10/left_middle_L1/range_6,0.5
2019,NUE_2,2019-07-10,left_middle_L1,range_6,G0621670.JPG,0,551,2019/NUE_2/2019-07-10/left_middle_L1/range_6,0.25
2019,NUE_2,2019-07-10,left_middle_L1,range_6,G0621671.JPG,0,552,2019/NUE_2/2019-07-10/left_middle_L1/range_6,0.25
2019,NUE_2,2019-07-10,left_middle_L1,range_6,G0621672.JPG,0,553,2019/NUE_2/2019-07-10/left_middle_L1/range_6,0.5
2019,NUE_2,2019-07-10,left_middle_L1,range_6,G0621673.JPG,0,554,2019/NUE_2/2019-07-10/left_middle_L1/range_6,0.75
2019,NUE_2,2019-07-10,left_middle_L1,range_6,G0621674.JPG,1,555,2019/NUE_2/2019-07-10/left_middle_L1/range_6,1.0
2019,NUE_2,2019-07-10,left_middle_L1,range_6,G0621675.JPG,0,556,2019/NUE_2/2019-07-10/left_middle_L1/range_6,0.75
2019,NUE_2,2019-07-10,left_middle_L1,range_6,G0621676.JPG,0,557,2019/NUE_2/2019-07-10/left_middle_L1/range_6,0.5
2019,NUE_2,2019-07-10,left_middle_L1,range_6,G0621677.JPG,0,558,2019/NUE_2/2019-07-10/left_middle_L1/range_6,0.25
2019,NUE_2,2019-07-10,left_middle_L1,range_6,G0621678.JPG,0,559,2019/NUE_2/2019-07-10/left_middle_L1/range_6,0.25
2019,NUE_2,2019-07-10,left_middle_L1,range_6,G0621679.JPG,0,560,2019/NUE_2/2019-07-10/left_middle_L1/range_6,0.5
2019,NUE_2,2019-07-10,left_middle_L1,range_6,G0621680.JPG,0,561,2019/NUE_2/2019-07-10/left_middle_L1/range_6,0.75
2019,NUE_2,2019-07-10,left_middle_L1,range_6,G0621681.JPG,1,562,2019/NUE_2/2019-07-10/left_middle_L1/range_6,1.0
2019,NUE_2,2019-07-10,left_middle_L1,range_6,G0621682.JPG,0,563,2019/NUE_2/2019-07-10/left_middle_L1/range_6,0.75
2019,NUE_2,2019-07-10,left_middle_L1,range_6,G0621683.JPG,0,564,2019/NUE_2/2019-07-10/left_middle_L1/range_6,0.5
2019,NUE_2,2019-07-10,left_middle_L1,range_6,G0621684.JPG,0,565,2019/NUE_2/2019-07-10/left_middle_L1/range_6,0.25
2019,NUE_2,2019-07-10,left_middle_L1,range_6,G0621685.JPG,0,566,2019/NUE_2/2019-07-10/left_middle_L1/range_6,0.5
2019,NUE_2,2019-07-10,left_middle_L1,range_6,G0621686.JPG,0,567,2019/NUE_2/2019-07-10/left_middle_L1/range_6,0.75
2019,NUE_2,2019-07-10,left_middle_L1,range_6,G0621687.JPG,1,568,2019/NUE_2/2019-07-10/left_middle_L1/range_6,1.0
2019,NUE_2,2019-07-10,left_middle_L1,range_6,G0621688.JPG,0,569,2019/NUE_2/2019-07-10/left_middle_L1/range_6,0.75
2019,NUE_2,2019-07-10,left_middle_L1,range_6,G0621689.JPG,0,570,2019/NUE_2/2019-07-10/left_middle_L1/range_6,0.5
2019,NUE_2,2019-07-10,left_middle_L1,range_6,G0621690.JPG,0,571,2019/NUE_2/2019-07-10/left_middle_L1/range_6,0.25
2019,NUE_2,2019-07-10,left_middle_L1,range_6,G0621691.JPG,0,572,2019/NUE_2/2019-07-10/left_middle_L1/range_6,0.25
2019,NUE_2,2019-07-10,left_middle_L1,range_6,G0621692.JPG,0,573,2019/NUE_2/2019-07-10/left_middle_L1/range_6,0.5
2019,NUE_2,2019-07-10,left_middle_L1,range_6,G0621693.JPG,0,574,2019/NUE_2/2019-07-10/left_middle_L1/range_6,0.75
2019,NUE_2,2019-07-10,left_middle_L1,range_6,G0621694.JPG,1,575,2019/NUE_2/2019-07-10/left_middle_L1/range_6,1.0
2019,NUE_2,2019-07-10,left_middle_L1,range_6,G0621695.JPG,0,576,2019/NUE_2/2019-07-10/left_middle_L1/range_6,0.75
2019,NUE_2,2019-07-10,left_middle_L1,range_6,G0621696.JPG,0,577,2019/NUE_2/2019-07-10/left_middle_L1/range_6,0.5
2019,NUE_2,2019-07-10,left_middle_L1,range_6,G0621697.JPG,0,578,2019/NUE_2/2019-07-10/left_middle_L1/range_6,0.25
2019,NUE_2,2019-07-10,left_middle_L1,range_6,G0621698.JPG,0,579,2019/NUE_2/2019-07-10/left_middle_L1/range_6,0.25
2019,NUE_2,2019-07-10,left_middle_L1,range_6,G0621699.JPG,0,580,2019/NUE_2/2019-07-10/left_middle_L1/range_6,0.5
2019,NUE_2,2019-07-10,left_middle_L1,range_6,G0621700.JPG,0,581,2019/NUE_2/2019-07-10/left_middle_L1/range_6,0.75
2019,NUE_2,2019-07-10,left_middle_L1,range_6,G0621701.JPG,1,582,2019/NUE_2/2019-07-10/left_middle_L1/range_6,1.0
2019,NUE_2,2019-07-10,left_middle_L1,range_6,G0621702.JPG,0,583,2019/NUE_2/2019-07-10/left_middle_L1/range_6,0.75
2019,NUE_2,2019-07-10,left_middle_L1,range_6,G0621703.JPG,0,584,2019/NUE_2/2019-07-10/left_middle_L1/range_6,0.5
2019,NUE_2,2019-07-10,left_middle_L1,range_6,G0621704.JPG,0,585,2019/NUE_2/2019-07-10/left_middle_L1/range_6,0.25
2019,NUE_2,2019-07-10,left_middle_L1,range_6,G0621705.JPG,0,586,2019/NUE_2/2019-07-10/left_middle_L1/range_6,0.25
2019,NUE_2,2019-07-10,left_middle_L1,range_6,G0621706.JPG,0,587,2019/NUE_2/2019-07-10/left_middle_L1/range_6,0.5
2019,NUE_2,2019-07-10,left_middle_L1,range_6,G0621707.JPG,0,588,2019/NUE_2/2019-07-10/left_middle_L1/range_6,0.75
2019,NUE_2,2019-07-10,left_middle_L1,range_6,G0621708.JPG,1,589,2019/NUE_2/2019-07-10/left_middle_L1/range_6,1.0
2019,NUE_2,2019-07-10,left_middle_L1,range_6,G0621709.JPG,0,590,2019/NUE_2/2019-07-10/left_middle_L1/range_6,0.75
2019,NUE_2,2019-07-10,left_middle_L1,range_6,G0621710.JPG,0,591,2019/NUE_2/2019-07-10/left_middle_L1/range_6,0.5
2019,NUE_2,2019-07-10,left_middle_L1,range_6,G0621711.JPG,0,592,2019/NUE_2/2019-07-10/left_middle_L1/range_6,0.25
2019,NUE_2,2019-07-10,left_middle_L1,range_6,G0621712.JPG,0,593,2019/NUE_2/2019-07-10/left_middle_L1/range_6,0.25
2019,NUE_2,2019-07-10,left_middle_L1,range_6,G0621713.JPG,0,594,2019/NUE_2/2019-07-10/left_middle_L1/range_6,0.5
2019,NUE_2,2019-07-10,left_middle_L1,range_6,G0621714.JPG,0,595,2019/NUE_2/2019-07-10/left_middle_L1/range_6,0.75
2019,NUE_2,2019-07-10,left_middle_L1,range_6,G0621715.JPG,1,596,2019/NUE_2/2019-07-10/left_middle_L1/range_6,1.0
2019,NUE_2,2019-07-10,left_middle_L1,range_6,G0621716.JPG,0,597,2019/NUE_2/2019-07-10/left_middle_L1/range_6,0.75
2019,NUE_2,2019-07-10,left_middle_L1,range_6,G0621717.JPG,0,598,2019/NUE_2/2019-07-10/left_middle_L1/range_6,0.5
2019,NUE_2,2019-07-10,left_middle_L1,range_6,G0621718.JPG,0,599,2019/NUE_2/2019-07-10/left_middle_L1/range_6,0.25
2019,NUE_2,2019-07-10,left_middle_L1,range_6,G0621719.JPG,0,600,2019/NUE_2/2019-07-10/left_middle_L1/range_6,0.25
2019,NUE_2,2019-07-10,left_middle_L1,range_6,G0621720.JPG,0,601,2019/NUE_2/2019-07-10/left_middle_L1/range_6,0.5
2019,NUE_2,2019-07-10,left_middle_L1,range_6,G0621721.JPG,0,602,2019/NUE_2/2019-07-10/left_middle_L1/range_6,0.75
2019,NUE_2,2019-07-10,left_middle_L1,range_6,G0621722.JPG,1,603,2019/NUE_2/2019-07-10/left_middle_L1/range_6,1.0
2019,NUE_2,2019-07-10,left_middle_L1,range_6,G0621723.JPG,0,604,2019/NUE_2/2019-07-10/left_middle_L1/range_6,0.75
2019,NUE_2,2019-07-10,left_middle_L1,range_6,G0621724.JPG,0,605,2019/NUE_2/2019-07-10/left_middle_L1/range_6,0.5
2019,NUE_2,2019-07-10,left_middle_L1,range_6,G0621725.JPG,0,606,2019/NUE_2/2019-07-10/left_middle_L1/range_6,0.25
2019,NUE_2,2019-07-10,left_middle_L1,range_6,G0621726.JPG,0,607,2019/NUE_2/2019-07-10/left_middle_L1/range_6,0.25
2019,NUE_2,2019-07-10,left_middle_L1,range_6,G0621727.JPG,0,608,2019/NUE_2/2019-07-10/left_middle_L1/range_6,0.5
2019,NUE_2,2019-07-10,left_middle_L1,range_6,G0621728.JPG,0,609,2019/NUE_2/2019-07-10/left_middle_L1/range_6,0.75
2019,NUE_2,2019-07-10,left_middle_L1,range_6,G0621729.JPG,1,610,2019/NUE_2/2019-07-10/left_middle_L1/range_6,1.0
2019,NUE_2,2019-07-10,left_middle_L1,range_6,G0621730.JPG,0,611,2019/NUE_2/2019-07-10/left_middle_L1/range_6,0.75
2019,NUE_2,2019-07-10,left_middle_L1,range_6,G0621731.JPG,0,612,2019/NUE_2/2019-07-10/left_middle_L1/range_6,0.5
2019,NUE_2,2019-07-10,left_middle_L1,range_6,G0621732.JPG,0,613,2019/NUE_2/2019-07-10/left_middle_L1/range_6,0.25
2019,NUE_2,2019-07-10,left_middle_L1,range_6,G0621733.JPG,0,614,2019/NUE_2/2019-07-10/left_middle_L1/range_6,0.25
2019,NUE_2,2019-07-10,left_middle_L1,range_6,G0621734.JPG,0,615,2019/NUE_2/2019-07-10/left_middle_L1/range_6,0.5
2019,NUE_2,2019-07-10,left_middle_L1,range_6,G0621735.JPG,0,616,2019/NUE_2/2019-07-10/left_middle_L1/range_6,0.75
2019,NUE_2,2019-07-10,left_middle_L1,range_6,G0621736.JPG,1,617,2019/NUE_2/2019-07-10/left_middle_L1/range_6,1.0
2019,NUE_2,2019-07-10,left_middle_L1,range_6,G0621737.JPG,0,618,2019/NUE_2/2019-07-10/left_middle_L1/range_6,0.75
2019,NUE_2,2019-07-10,left_middle_L1,range_6,G0621738.JPG,0,619,2019/NUE_2/2019-07-10/left_middle_L1/range_6,0.5
2019,NUE_2,2019-07-10,left_middle_L1,range_6,G0621739.JPG,0,620,2019/NUE_2/2019-07-10/left_middle_L1/range_6,0.25
2019,NUE_2,2019-07-10,left_middle_L1,range_6,G0621740.JPG,0,621,2019/NUE_2/2019-07-10/left_middle_L1/range_6,0.5
2019,NUE_2,2019-07-10,left_middle_L1,range_6,G0621741.JPG,0,622,2019/NUE_2/2019-07-10/left_middle_L1/range_6,0.75
2019,NUE_2,2019-07-10,left_middle_L1,range_6,G0621742.JPG,1,623,2019/NUE_2/2019-07-10/left_middle_L1/range_6,1.0
2019,NUE_2,2019-07-10,left_middle_L1,range_6,G0621743.JPG,0,624,2019/NUE_2/2019-07-10/left_middle_L1/range_6,0.75
2019,NUE_2,2019-07-10,left_middle_L1,range_6,G0621744.JPG,0,625,2019/NUE_2/2019-07-10/left_middle_L1/range_6,0.5
2019,NUE_2,2019-07-10,left_middle_L1,range_6,G0621745.JPG,0,626,2019/NUE_2/2019-07-10/left_middle_L1/range_6,0.25
2019,NUE_2,2019-07-10,left_middle_L1,range_6,G0621746.JPG,0,627,2019/NUE_2/2019-07-10/left_middle_L1/range_6,0.25
2019,NUE_2,2019-07-10,left_middle_L1,range_6,G0621747.JPG,0,628,2019/NUE_2/2019-07-10/left_middle_L1/range_6,0.5
2019,NUE_2,2019-07-10,left_middle_L1,range_6,G0621748.JPG,0,629,2019/NUE_2/2019-07-10/left_middle_L1/range_6,0.75
2019,NUE_2,2019-07-10,left_middle_L1,range_6,G0621749.JPG,1,630,2019/NUE_2/2019-07-10/left_middle_L1/range_6,1.0
2019,NUE_2,2019-07-10,left_middle_L1,range_6,G0621750.JPG,0,631,2019/NUE_2/2019-07-10/left_middle_L1/range_6,0.75
2019,NUE_2,2019-07-10,left_middle_L1,range_6,G0621751.JPG,0,632,2019/NUE_2/2019-07-10/left_middle_L1/range_6,0.5
2019,NUE_2,2019-07-10,left_middle_L1,range_6,G0621752.JPG,0,633,2019/NUE_2/2019-07-10/left_middle_L1/range_6,0.25
2019,NUE_2,2019-07-10,left_middle_L1,range_6,G0621753.JPG,0,634,2019/NUE_2/2019-07-10/left_middle_L1/range_6,0.25
2019,NUE_2,2019-07-10,left_middle_L1,range_6,G0621754.JPG,0,635,2019/NUE_2/2019-07-10/left_middle_L1/range_6,0.5
2019,NUE_2,2019-07-10,left_middle_L1,range_6,G0621755.JPG,0,636,2019/NUE_2/2019-07-10/left_middle_L1/range_6,0.75
2019,NUE_2,2019-07-10,left_middle_L1,range_6,G0621756.JPG,1,637,2019/NUE_2/2019-07-10/left_middle_L1/range_6,1.0
2019,NUE_2,2019-07-10,left_middle_L1,range_6,G0621757.JPG,0,638,2019/NUE_2/2019-07-10/left_middle_L1/range_6,0.75
2019,NUE_2,2019-07-10,left_middle_L1,range_6,G0621758.JPG,0,639,2019/NUE_2/2019-07-10/left_middle_L1/range_6,0.5
2019,NUE_2,2019-07-10,left_middle_L1,range_6,G0621759.JPG,0,640,2019/NUE_2/2019-07-10/left_middle_L1/range_6,0.25
2019,NUE_2,2019-07-10,left_middle_L1,range_6,G0621760.JPG,0,641,2019/NUE_2/2019-07-10/left_middle_L1/range_6,0.25
2019,NUE_2,2019-07-10,left_middle_L1,range_6,G0621761.JPG,0,642,2019/NUE_2/2019-07-10/left_middle_L1/range_6,0.5
2019,NUE_2,2019-07-10,left_middle_L1,range_6,G0621762.JPG,0,643,2019/NUE_2/2019-07-10/left_middle_L1/range_6,0.75
2019,NUE_2,2019-07-10,left_middle_L1,range_6,G0621763.JPG,1,644,2019/NUE_2/2019-07-10/left_middle_L1/range_6,1.0
2019,NUE_2,2019-07-10,left_middle_L1,range_6,G0621764.JPG,0,645,2019/NUE_2/2019-07-10/left_middle_L1/range_6,0.75
2019,NUE_2,2019-07-10,left_middle_L1,range_6,G0621765.JPG,0,646,2019/NUE_2/2019-07-10/left_middle_L1/range_6,0.5
2019,NUE_2,2019-07-10,left_middle_L1,range_6,G0621766.JPG,0,647,2019/NUE_2/2019-07-10/left_middle_L1/range_6,0.25
2019,NUE_2,2019-07-10,left_middle_L1,range_6,G0621767.JPG,0,648,2019/NUE_2/2019-07-10/left_middle_L1/range_6,0.25
2019,NUE_2,2019-07-10,left_middle_L1,range_6,G0621768.JPG,0,649,2019/NUE_2/2019-07-10/left_middle_L1/range_6,0.5
2019,NUE_2,2019-07-10,left_middle_L1,range_6,G0621769.JPG,0,650,2019/NUE_2/2019-07-10/left_middle_L1/range_6,0.75
2019,NUE_2,2019-07-10,left_middle_L1,range_6,G0621770.JPG,1,651,2019/NUE_2/2019-07-10/left_middle_L1/range_6,1.0
2019,NUE_2,2019-07-10,left_middle_L1,range_6,G0621771.JPG,0,652,2019/NUE_2/2019-07-10/left_middle_L1/range_6,0.75
2019,NUE_2,2019-07-10,left_middle_L1,range_6,G0621772.JPG,0,653,2019/NUE_2/2019-07-10/left_middle_L1/range_6,0.5
2019,NUE_2,2019-07-10,left_middle_L1,range_6,G0621773.JPG,0,654,2019/NUE_2/2019-07-10/left_middle_L1/range_6,0.25
2019,NUE_2,2019-07-10,left_middle_L1,range_6,G0621774.JPG,0,655,2019/NUE_2/2019-07-10/left_middle_L1/range_6,0.25
2019,NUE_2,2019-07-10,left_middle_L1,range_6,G0621775.JPG,0,656,2019/NUE_2/2019-07-10/left_middle_L1/range_6,0.5
2019,NUE_2,2019-07-10,left_middle_L1,range_6,G0621776.JPG,0,657,2019/NUE_2/2019-07-10/left_middle_L1/range_6,0.75
2019,NUE_2,2019-07-10,left_middle_L1,range_6,G0621777.JPG,1,658,2019/NUE_2/2019-07-10/left_middle_L1/range_6,1.0
2019,NUE_2,2019-07-10,left_middle_L1,range_6,G0621778.JPG,0,659,2019/NUE_2/2019-07-10/left_middle_L1/range_6,0.75
2019,NUE_2,2019-07-10,left_middle_L1,range_6,G0621779.JPG,0,660,2019/NUE_2/2019-07-10/left_middle_L1/range_6,0.5
2019,NUE_2,2019-07-10,left_middle_L1,range_6,G0621780.JPG,0,661,2019/NUE_2/2019-07-10/left_middle_L1/range_6,0.25
2019,NUE_2,2019-07-10,left_middle_L1,range_6,G0621781.JPG,0,662,2019/NUE_2/2019-07-10/left_middle_L1/range_6,0.5
2019,NUE_2,2019-07-10,left_middle_L1,range_6,G0621782.JPG,0,663,2019/NUE_2/2019-07-10/left_middle_L1/range_6,0.75
2019,NUE_2,2019-07-10,left_middle_L1,range_6,G0621783.JPG,1,664,2019/NUE_2/2019-07-10/left_middle_L1/range_6,1.0
2019,NUE_2,2019-07-10,left_middle_L1,range_6,G0621784.JPG,0,665,2019/NUE_2/2019-07-10/left_middle_L1/range_6,0.75
2019,NUE_2,2019-07-10,left_middle_L1,range_6,G0621785.JPG,0,666,2019/NUE_2/2019-07-10/left_middle_L1/range_6,0.5
2019,NUE_2,2019-07-10,left_middle_L1,range_6,G0621786.JPG,0,667,2019/NUE_2/2019-07-10/left_middle_L1/range_6,0.25
2019,NUE_2,2019-07-10,left_middle_L1,range_6,G0621787.JPG,0,668,2019/NUE_2/2019-07-10/left_middle_L1/range_6,0.25
2019,NUE_2,2019-07-10,left_middle_L1,range_6,G0621788.JPG,0,669,2019/NUE_2/2019-07-10/left_middle_L1/range_6,0.5
2019,NUE_2,2019-07-10,left_middle_L1,range_6,G0621789.JPG,0,670,2019/NUE_2/2019-07-10/left_middle_L1/range_6,0.75
2019,NUE_2,2019-07-10,left_middle_L1,range_6,G0621790.JPG,1,671,2019/NUE_2/2019-07-10/left_middle_L1/range_6,1.0
2019,NUE_2,2019-07-10,left_middle_L1,range_6,G0621791.JPG,0,672,2019/NUE_2/2019-07-10/left_middle_L1/range_6,0.75
2019,NUE_2,2019-07-10,left_middle_L1,range_6,G0621792.JPG,0,673,2019/NUE_2/2019-07-10/left_middle_L1/range_6,0.5
2019,NUE_2,2019-07-10,left_middle_L1,range_6,G0621793.JPG,0,674,2019/NUE_2/2019-07-10/left_middle_L1/range_6,0.25
2019,NUE_2,2019-07-10,left_middle_L1,range_6,G0621794.JPG,0,675,2019/NUE_2/2019-07-10/left_middle_L1/range_6,0.25
2019,NUE_2,2019-07-10,left_middle_L1,range_6,G0621795.JPG,0,676,2019/NUE_2/2019-07-10/left_middle_L1/range_6,0.5
2019,NUE_2,2019-07-10,left_middle_L1,range_6,G0621796.JPG,0,677,2019/NUE_2/2019-07-10/left_middle_L1/range_6,0.75
2019,NUE_2,2019-07-10,left_middle_L1,range_6,G0621797.JPG,1,678,2019/NUE_2/2019-07-10/left_middle_L1/range_6,1.0
2019,NUE_2,2019-07-10,left_middle_L1,range_6,G0621798.JPG,0,679,2019/NUE_2/2019-07-10/left_middle_L1/range_6,0.75
2019,NUE_2,2019-07-10,left_middle_L1,range_6,G0621799.JPG,0,680,2019/NUE_2/2019-07-10/left_middle_L1/range_6,0.5
2019,NUE_2,2019-07-10,left_middle_L1,range_6,G0621800.JPG,0,681,2019/NUE_2/2019-07-10/left_middle_L1/range_6,0.25
2019,NUE_2,2019-07-10,left_middle_L1,range_6,G0621801.JPG,0,682,2019/NUE_2/2019-07-10/left_middle_L1/range_6,0.25
2019,NUE_2,2019-07-10,left_middle_L1,range_6,G0621802.JPG,0,683,2019/NUE_2/2019-07-10/left_middle_L1/range_6,0.5
2019,NUE_2,2019-07-10,left_middle_L1,range_6,G0621803.JPG,0,684,2019/NUE_2/2019-07-10/left_middle_L1/range_6,0.75
2019,NUE_2,2019-07-10,left_middle_L1,range_6,G0621804.JPG,1,685,2019/NUE_2/2019-07-10/left_middle_L1/range_6,1.0
2019,NUE_2,2019-07-10,left_middle_L1,range_6,G0621805.JPG,0,686,2019/NUE_2/2019-07-10/left_middle_L1/range_6,0.75
2019,NUE_2,2019-07-10,left_middle_L1,range_6,G0621806.JPG,0,687,2019/NUE_2/2019-07-10/left_middle_L1/range_6,0.5
2019,NUE_2,2019-07-10,left_middle_L1,range_6,G0621807.JPG,0,688,2019/NUE_2/2019-07-10/left_middle_L1/range_6,0.25
2019,NUE_2,2019-07-10,left_middle_L1,range_6,G0621808.JPG,0,689,2019/NUE_2/2019-07-10/left_middle_L1/range_6,0.5
2019,NUE_2,2019-07-10,left_middle_L1,range_6,G0621809.JPG,0,690,2019/NUE_2/2019-07-10/left_middle_L1/range_6,0.75
2019,NUE_2,2019-07-10,left_middle_L1,range_6,G0621810.JPG,1,691,2019/NUE_2/2019-07-10/left_middle_L1/range_6,1.0
2019,NUE_2,2019-07-10,left_middle_L1,range_6,G0621811.JPG,0,692,2019/NUE_2/2019-07-10/left_middle_L1/range_6,0.75
2019,NUE_2,2019-07-10,left_middle_L1,range_6,G0621812.JPG,0,693,2019/NUE_2/2019-07-10/left_middle_L1/range_6,0.5
2019,NUE_2,2019-07-10,left_middle_L1,range_6,G0621813.JPG,0,694,2019/NUE_2/2019-07-10/left_middle_L1/range_6,0.25
2019,NUE_2,2019-07-10,left_middle_L1,range_6,G0621814.JPG,0,695,2019/NUE_2/2019-07-10/left_middle_L1/range_6,0.25
2019,NUE_2,2019-07-10,left_middle_L1,range_6,G0621815.JPG,0,696,2019/NUE_2/2019-07-10/left_middle_L1/range_6,0.5
2019,NUE_2,2019-07-10,left_middle_L1,range_6,G0621816.JPG,0,697,2019/NUE_2/2019-07-10/left_middle_L1/range_6,0.75
2019,NUE_2,2019-07-10,left_middle_L1,range_6,G0621817.JPG,1,698,2019/NUE_2/2019-07-10/left_middle_L1/range_6,1.0
2019,NUE_2,2019-07-10,left_middle_L1,range_6,G0621818.JPG,0,699,2019/NUE_2/2019-07-10/left_middle_L1/range_6,0.75
2019,NUE_2,2019-07-10,left_middle_L1,range_6,G0621819.JPG,0,700,2019/NUE_2/2019-07-10/left_middle_L1/range_6,0.5
2019,NUE_2,2019-07-10,left_middle_L1,range_6,G0621820.JPG,0,701,2019/NUE_2/2019-07-10/left_middle_L1/range_6,0.25
2019,NUE_2,2019-07-10,left_middle_L1,range_6,G0621821.JPG,0,702,2019/NUE_2/2019-07-10/left_middle_L1/range_6,0.25
2019,NUE_2,2019-07-10,left_middle_L1,range_6,G0621822.JPG,0,703,2019/NUE_2/2019-07-10/left_middle_L1/range_6,0.5
2019,NUE_2,2019-07-10,left_middle_L1,range_6,G0621823.JPG,0,704,2019/NUE_2/2019-07-10/left_middle_L1/range_6,0.75
2019,NUE_2,2019-07-10,left_middle_L1,range_6,G0621824.JPG,1,705,2019/NUE_2/2019-07-10/left_middle_L1/range_6,1.0
2019,NUE_2,2019-07-10,left_middle_L1,range_6,G0621825.JPG,0,706,2019/NUE_2/2019-07-10/left_middle_L1/range_6,0.75
2019,NUE_2,2019-07-10,left_middle_L1,range_6,G0621826.JPG,0,707,2019/NUE_2/2019-07-10/left_middle_L1/range_6,0.5
2019,NUE_2,2019-07-10,left_middle_L1,range_6,G0621827.JPG,0,708,2019/NUE_2/2019-07-10/left_middle_L1/range_6,0.25
2019,NUE_2,2019-07-10,left_middle_L1,range_6,G0621828.JPG,0,709,2019/NUE_2/2019-07-10/left_middle_L1/range_6,0.25
2019,NUE_2,2019-07-10,left_middle_L1,range_6,G0621829.JPG,0,710,2019/NUE_2/2019-07-10/left_middle_L1/range_6,0.5
2019,NUE_2,2019-07-10,left_middle_L1,range_6,G0621830.JPG,0,711,2019/NUE_2/2019-07-10/left_middle_L1/range_6,0.75
2019,NUE_2,2019-07-10,left_middle_L1,range_6,G0621831.JPG,1,712,2019/NUE_2/2019-07-10/left_middle_L1/range_6,1.0
2019,NUE_2,2019-07-10,left_middle_L1,range_6,G0621832.JPG,0,713,2019/NUE_2/2019-07-10/left_middle_L1/range_6,0.75
2019,NUE_2,2019-07-10,left_middle_L1,range_6,G0621833.JPG,0,714,2019/NUE_2/2019-07-10/left_middle_L1/range_6,0.5
2019,NUE_2,2019-07-10,left_middle_L1,range_6,G0621834.JPG,0,715,2019/NUE_2/2019-07-10/left_middle_L1/range_6,0.25
2019,NUE_2,2019-07-10,left_middle_L1,range_6,G0621835.JPG,0,716,2019/NUE_2/2019-07-10/left_middle_L1/range_6,0.25
2019,NUE_2,2019-07-10,left_middle_L1,range_6,G0621836.JPG,0,717,2019/NUE_2/2019-07-10/left_middle_L1/range_6,0.5
2019,NUE_2,2019-07-10,left_middle_L1,range_6,G0621837.JPG,0,718,2019/NUE_2/2019-07-10/left_middle_L1/range_6,0.75
2019,NUE_2,2019-07-10,left_middle_L1,range_6,G0621838.JPG,1,719,2019/NUE_2/2019-07-10/left_middle_L1/range_6,1.0
2019,NUE_2,2019-07-10,left_middle_L1,range_6,G0621839.JPG,0,720,2019/NUE_2/2019-07-10/left_middle_L1/range_6,0.75
2019,NUE_2,2019-07-10,left_middle_L1,range_6,G0621840.JPG,0,721,2019/NUE_2/2019-07-10/left_middle_L1/range_6,0.5
2019,NUE_2,2019-07-10,left_middle_L1,range_6,G0621841.JPG,0,722,2019/NUE_2/2019-07-10/left_middle_L1/range_6,0.25
2019,NUE_2,2019-07-10,left_middle_L1,range_6,G0621842.JPG,0,723,2019/NUE_2/2019-07-10/left_middle_L1/range_6,0.25
2019,NUE_2,2019-07-10,left_middle_L1,range_6,G0621843.JPG,0,724,2019/NUE_2/2019-07-10/left_middle_L1/range_6,0.5
2019,NUE_2,2019-07-10,left_middle_L1,range_6,G0621844.JPG,0,725,2019/NUE_2/2019-07-10/left_middle_L1/range_6,0.75
2019,NUE_2,2019-07-10,left_middle_L1,range_6,G0621845.JPG,1,726,2019/NUE_2/2019-07-10/left_middle_L1/range_6,1.0
2019,NUE_2,2019-07-10,left_middle_L1,range_6,G0621846.JPG,0,727,2019/NUE_2/2019-07-10/left_middle_L1/range_6,0.75
2019,NUE_2,2019-07-10,left_middle_L1,range_6,G0621847.JPG,0,728,2019/NUE_2/2019-07-10/left_middle_L1/range_6,0.5
2019,NUE_2,2019-07-10,left_middle_L1,range_6,G0621848.JPG,0,729,2019/NUE_2/2019-07-10/left_middle_L1/range_6,0.25
2019,NUE_2,2019-07-10,left_middle_L1,range_6,G0621849.JPG,0,730,2019/NUE_2/2019-07-10/left_middle_L1/range_6,0.25
2019,NUE_2,2019-07-10,left_middle_L1,range_6,G0621850.JPG,0,731,2019/NUE_2/2019-07-10/left_middle_L1/range_6,0.5
2019,NUE_2,2019-07-10,left_middle_L1,range_6,G0621851.JPG,0,732,2019/NUE_2/2019-07-10/left_middle_L1/range_6,0.75
2019,NUE_2,2019-07-10,left_middle_L1,range_6,G0621852.JPG,1,733,2019/NUE_2/2019-07-10/left_middle_L1/range_6,1.0
2019,NUE_2,2019-07-10,left_middle_L1,range_6,G0621853.JPG,0,734,2019/NUE_2/2019-07-10/left_middle_L1/range_6,0.75
2019,NUE_2,2019-07-10,left_middle_L1,range_6,G0621854.JPG,0,735,2019/NUE_2/2019-07-10/left_middle_L1/range_6,0.5
2019,NUE_2,2019-07-10,left_middle_L1,range_6,G0621855.JPG,0,736,2019/NUE_2/2019-07-10/left_middle_L1/range_6,0.25
2019,NUE_2,2019-07-10,left_middle_L1,range_6,G0621856.JPG,0,737,2019/NUE_2/2019-07-10/left_middle_L1/range_6,0.25
2019,NUE_2,2019-07-10,left_middle_L1,range_6,G0621857.JPG,0,738,2019/NUE_2/2019-07-10/left_middle_L1/range_6,0.5
2019,NUE_2,2019-07-10,left_middle_L1,range_6,G0621858.JPG,0,739,2019/NUE_2/2019-07-10/left_middle_L1/range_6,0.75
2019,NUE_2,2019-07-10,left_middle_L1,range_6,G0621859.JPG,1,740,2019/NUE_2/2019-07-10/left_middle_L1/range_6,1.0
2019,NUE_2,2019-07-10,left_middle_L1,range_6,G0621860.JPG,0,741,2019/NUE_2/2019-07-10/left_middle_L1/range_6,0.75
2019,NUE_2,2019-07-10,left_middle_L1,range_6,G0621861.JPG,0,742,2019/NUE_2/2019-07-10/left_middle_L1/range_6,0.5
2019,NUE_2,2019-07-10,left_middle_L1,range_6,G0621862.JPG,0,743,2019/NUE_2/2019-07-10/left_middle_L1/range_6,0.25
2019,NUE_2,2019-07-10,left_middle_L1,range_6,G0621863.JPG,0,744,2019/NUE_2/2019-07-10/left_middle_L1/range_6,0.5
2019,NUE_2,2019-07-10,left_middle_L1,range_6,G0621864.JPG,0,745,2019/NUE_2/2019-07-10/left_middle_L1/range_6,0.75
2019,NUE_2,2019-07-10,left_middle_L1,range_6,G0621865.JPG,1,746,2019/NUE_2/2019-07-10/left_middle_L1/range_6,1.0
2019,NUE_2,2019-07-10,left_middle_L1,range_6,G0621866.JPG,0,747,2019/NUE_2/2019-07-10/left_middle_L1/range_6,0.75
2019,NUE_2,2019-07-10,left_middle_L1,range_6,G0621867.JPG,0,748,2019/NUE_2/2019-07-10/left_middle_L1/range_6,0.5
2019,NUE_2,2019-07-10,left_middle_L1,range_6,G0621868.JPG,0,749,2019/NUE_2/2019-07-10/left_middle_L1/range_6,0.25
2019,NUE_2,2019-07-10,left_middle_L1,range_6,G0621869.JPG,0,750,2019/NUE_2/2019-07-10/left_middle_L1/range_6,0.0
2019,NUE_2,2019-07-10,left_middle_L1,range_6,G0621870.JPG,0,751,2019/NUE_2/2019-07-10/left_middle_L1/range_6,0.25
2019,NUE_2,2019-07-10,left_middle_L1,range_6,G0621871.JPG,0,752,2019/NUE_2/2019-07-10/left_middle_L1/range_6,0.5
2019,NUE_2,2019-07-10,left_middle_L1,range_6,G0621872.JPG,0,753,2019/NUE_2/2019-07-10/left_middle_L1/range_6,0.75
2019,NUE_2,2019-07-10,left_middle_L1,range_6,G0621873.JPG,1,754,2019/NUE_2/2019-07-10/left_middle_L1/range_6,1.0
2019,NUE_2,2019-07-10,left_middle_L1,range_6,G0621874.JPG,0,755,2019/NUE_2/2019-07-10/left_middle_L1/range_6,0.75
2019,NUE_2,2019-07-10,left_middle_L1,range_6,G0621875.JPG,0,756,2019/NUE_2/2019-07-10/left_middle_L1/range_6,0.5
2019,NUE_2,2019-07-10,left_middle_L1,range_6,G0621876.JPG,0,757,2019/NUE_2/2019-07-10/left_middle_L1/range_6,0.25
2019,NUE_2,2019-07-10,left_middle_L1,range_6,G0621877.JPG,0,758,2019/NUE_2/2019-07-10/left_middle_L1/range_6,0.5
2019,NUE_2,2019-07-10,left_middle_L1,range_6,G0621878.JPG,0,759,2019/NUE_2/2019-07-10/left_middle_L1/range_6,0.75
2019,NUE_2,2019-07-10,left_middle_L1,range_6,G0621879.JPG,1,760,2019/NUE_2/2019-07-10/left_middle_L1/range_6,1.0
2019,NUE_2,2019-07-10,left_middle_L1,range_6,G0621880.JPG,0,761,2019/NUE_2/2019-07-10/left_middle_L1/range_6,0.75
2019,NUE_2,2019-07-10,left_middle_L1,range_6,G0621881.JPG,0,762,2019/NUE_2/2019-07-10/left_middle_L1/range_6,0.5
2019,NUE_2,2019-07-10,left_middle_L1,range_6,G0621882.JPG,0,763,2019/NUE_2/2019-07-10/left_middle_L1/range_6,0.25
2019,NUE_2,2019-07-10,left_middle_L1,range_6,G0621883.JPG,0,764,2019/NUE_2/2019-07-10/left_middle_L1/range_6,0.25
2019,NUE_2,2019-07-10,left_middle_L1,range_6,G0621884.JPG,0,765,2019/NUE_2/2019-07-10/left_middle_L1/range_6,0.5
2019,NUE_2,2019-07-10,left_middle_L1,range_6,G0621885.JPG,0,766,2019/NUE_2/2019-07-10/left_middle_L1/range_6,0.75
2019,NUE_2,2019-07-10,left_middle_L1,range_6,G0621886.JPG,1,767,2019/NUE_2/2019-07-10/left_middle_L1/range_6,1.0
2019,NUE_2,2019-07-10,left_middle_L1,range_6,G0621887.JPG,0,768,2019/NUE_2/2019-07-10/left_middle_L1/range_6,0.75
2019,NUE_2,2019-07-10,left_middle_L1,range_6,G0621888.JPG,0,769,2019/NUE_2/2019-07-10/left_middle_L1/range_6,0.5
2019,NUE_2,2019-07-10,left_middle_L1,range_6,G0621889.JPG,0,770,2019/NUE_2/2019-07-10/left_middle_L1/range_6,0.25
2019,NUE_2,2019-07-10,left_middle_L1,range_6,G0621890.JPG,0,771,2019/NUE_2/2019-07-10/left_middle_L1/range_6,0.25
2019,NUE_2,2019-07-10,left_middle_L1,range_6,G0621891.JPG,0,772,2019/NUE_2/2019-07-10/left_middle_L1/range_6,0.5
2019,NUE_2,2019-07-10,left_middle_L1,range_6,G0621892.JPG,0,773,2019/NUE_2/2019-07-10/left_middle_L1/range_6,0.75
2019,NUE_2,2019-07-10,left_middle_L1,range_6,G0621893.JPG,1,774,2019/NUE_2/2019-07-10/left_middle_L1/range_6,1.0
2019,NUE_2,2019-07-10,left_middle_L1,range_6,G0621894.JPG,0,775,2019/NUE_2/2019-07-10/left_middle_L1/range_6,0.75
2019,NUE_2,2019-07-10,left_middle_L1,range_6,G0621895.JPG,0,776,2019/NUE_2/2019-07-10/left_middle_L1/range_6,0.5
2019,NUE_2,2019-07-10,left_middle_L1,range_6,G0621896.JPG,0,777,2019/NUE_2/2019-07-10/left_middle_L1/range_6,0.25
2019,NUE_2,2019-07-10,left_middle_L1,range_6,G0621897.JPG,0,778,2019/NUE_2/2019-07-10/left_middle_L1/range_6,0.25
2019,NUE_2,2019-07-10,left_middle_L1,range_6,G0621898.JPG,0,779,2019/NUE_2/2019-07-10/left_middle_L1/range_6,0.5
2019,NUE_2,2019-07-10,left_middle_L1,range_6,G0621899.JPG,0,780,2019/NUE_2/2019-07-10/left_middle_L1/range_6,0.75
2019,NUE_2,2019-07-10,left_middle_L1,range_6,G0621900.JPG,1,781,2019/NUE_2/2019-07-10/left_middle_L1/range_6,1.0
2019,NUE_2,2019-07-10,left_middle_L1,range_6,G0621901.JPG,0,782,2019/NUE_2/2019-07-10/left_middle_L1/range_6,0.75
2019,NUE_2,2019-07-10,left_middle_L1,range_6,G0621902.JPG,0,783,2019/NUE_2/2019-07-10/left_middle_L1/range_6,0.5
2019,NUE_2,2019-07-10,left_middle_L1,range_6,G0621903.JPG,0,784,2019/NUE_2/2019-07-10/left_middle_L1/range_6,0.25
2019,NUE_2,2019-07-10,left_middle_L1,range_6,G0621904.JPG,0,785,2019/NUE_2/2019-07-10/left_middle_L1/range_6,0.5
2019,NUE_2,2019-07-10,left_middle_L1,range_6,G0621905.JPG,0,786,2019/NUE_2/2019-07-10/left_middle_L1/range_6,0.75
2019,NUE_2,2019-07-10,left_middle_L1,range_6,G0621906.JPG,1,787,2019/NUE_2/2019-07-10/left_middle_L1/range_6,1.0
2019,NUE_2,2019-07-10,left_middle_L1,range_6,G0621907.JPG,0,788,2019/NUE_2/2019-07-10/left_middle_L1/range_6,0.75
2019,NUE_2,2019-07-10,left_middle_L1,range_6,G0621908.JPG,0,789,2019/NUE_2/2019-07-10/left_middle_L1/range_6,0.5
2019,NUE_2,2019-07-10,left_middle_L1,range_6,G0621909.JPG,0,790,2019/NUE_2/2019-07-10/left_middle_L1/range_6,0.25
2019,NUE_2,2019-07-10,left_middle_L1,range_6,G0621910.JPG,0,791,2019/NUE_2/2019-07-10/left_middle_L1/range_6,0.25
2019,NUE_2,2019-07-10,left_middle_L1,range_6,G0621911.JPG,0,792,2019/NUE_2/2019-07-10/left_middle_L1/range_6,0.5
2019,NUE_2,2019-07-10,left_middle_L1,range_6,G0621912.JPG,0,793,2019/NUE_2/2019-07-10/left_middle_L1/range_6,0.75
2019,NUE_2,2019-07-10,left_middle_L1,range_6,G0621913.JPG,1,794,2019/NUE_2/2019-07-10/left_middle_L1/range_6,1.0
2019,NUE_2,2019-07-10,left_middle_L1,range_6,G0621914.JPG,0,795,2019/NUE_2/2019-07-10/left_middle_L1/range_6,0.75
2019,NUE_2,2019-07-10,left_middle_L1,range_6,G0621915.JPG,0,796,2019/NUE_2/2019-07-10/left_middle_L1/range_6,0.5
2019,NUE_2,2019-07-10,left_middle_L1,range_6,G0621916.JPG,0,797,2019/NUE_2/2019-07-10/left_middle_L1/range_6,0.25
2019,NUE_2,2019-07-10,left_middle_L1,range_6,G0621917.JPG,0,798,2019/NUE_2/2019-07-10/left_middle_L1/range_6,0.25
2019,NUE_2,2019-07-10,left_middle_L1,range_6,G0621918.JPG,0,799,2019/NUE_2/2019-07-10/left_middle_L1/range_6,0.5
2019,NUE_2,2019-07-10,left_middle_L1,range_6,G0621919.JPG,0,800,2019/NUE_2/2019-07-10/left_middle_L1/range_6,0.75
2019,NUE_2,2019-07-10,left_middle_L1,range_6,G0621920.JPG,1,801,2019/NUE_2/2019-07-10/left_middle_L1/range_6,1.0
2019,NUE_2,2019-07-10,left_middle_L1,range_6,G0621921.JPG,0,802,2019/NUE_2/2019-07-10/left_middle_L1/range_6,0.75
2019,NUE_2,2019-07-10,left_middle_L1,range_6,G0621922.JPG,0,803,2019/NUE_2/2019-07-10/left_middle_L1/range_6,0.5
2019,NUE_2,2019-07-10,left_middle_L1,range_6,G0621923.JPG,0,804,2019/NUE_2/2019-07-10/left_middle_L1/range_6,0.25
2019,NUE_2,2019-07-10,left_middle_L1,range_6,G0621924.JPG,0,805,2019/NUE_2/2019-07-10/left_middle_L1/range_6,0.25
2019,NUE_2,2019-07-10,left_middle_L1,range_6,G0621925.JPG,0,806,2019/NUE_2/2019-07-10/left_middle_L1/range_6,0.5
2019,NUE_2,2019-07-10,left_middle_L1,range_6,G0621926.JPG,0,807,2019/NUE_2/2019-07-10/left_middle_L1/range_6,0.75
2019,NUE_2,2019-07-10,left_middle_L1,range_6,G0621927.JPG,1,808,2019/NUE_2/2019-07-10/left_middle_L1/range_6,1.0
2019,NUE_2,2019-07-10,left_middle_L1,range_6,G0621928.JPG,0,809,2019/NUE_2/2019-07-10/left_middle_L1/range_6,0.75
2019,NUE_2,2019-07-10,left_middle_L1,range_6,G0621929.JPG,0,810,2019/NUE_2/2019-07-10/left_middle_L1/range_6,0.5
2019,NUE_2,2019-07-10,left_middle_L1,range_6,G0621930.JPG,0,811,2019/NUE_2/2019-07-10/left_middle_L1/range_6,0.25
2019,NUE_2,2019-07-10,left_middle_L1,range_6,G0621931.JPG,0,812,2019/NUE_2/2019-07-10/left_middle_L1/range_6,0.25
2019,NUE_2,2019-07-10,left_middle_L1,range_6,G0621932.JPG,0,813,2019/NUE_2/2019-07-10/left_middle_L1/range_6,0.5
2019,NUE_2,2019-07-10,left_middle_L1,range_6,G0621933.JPG,0,814,2019/NUE_2/2019-07-10/left_middle_L1/range_6,0.75
2019,NUE_2,2019-07-10,left_middle_L1,range_6,G0621934.JPG,1,815,2019/NUE_2/2019-07-10/left_middle_L1/range_6,1.0
2019,NUE_2,2019-07-10,left_middle_L1,range_6,G0621935.JPG,0,816,2019/NUE_2/2019-07-10/left_middle_L1/range_6,0.75
2019,NUE_2,2019-07-10,left_middle_L1,range_6,G0621936.JPG,0,817,2019/NUE_2/2019-07-10/left_middle_L1/range_6,0.5
2019,NUE_2,2019-07-10,left_middle_L1,range_6,G0621937.JPG,0,818,2019/NUE_2/2019-07-10/left_middle_L1/range_6,0.25
2019,NUE_2,2019-07-10,left_middle_L1,range_6,G0621938.JPG,0,819,2019/NUE_2/2019-07-10/left_middle_L1/range_6,0.25
2019,NUE_2,2019-07-10,left_middle_L1,range_6,G0621939.JPG,0,820,2019/NUE_2/2019-07-10/left_middle_L1/range_6,0.5
2019,NUE_2,2019-07-10,left_middle_L1,range_6,G0621940.JPG,0,821,2019/NUE_2/2019-07-10/left_middle_L1/range_6,0.75
2019,NUE_2,2019-07-10,left_middle_L1,range_6,G0621941.JPG,1,822,2019/NUE_2/2019-07-10/left_middle_L1/range_6,1.0
2019,NUE_2,2019-07-10,left_middle_L1,range_6,G0621942.JPG,0,823,2019/NUE_2/2019-07-10/left_middle_L1/range_6,0.75
2019,NUE_2,2019-07-10,left_middle_L1,range_6,G0621943.JPG,0,824,2019/NUE_2/2019-07-10/left_middle_L1/range_6,0.5
2019,NUE_2,2019-07-10,left_middle_L1,range_6,G0621944.JPG,0,825,2019/NUE_2/2019-07-10/left_middle_L1/range_6,0.25
2019,NUE_2,2019-07-10,left_middle_L1,range_6,G0621945.JPG,0,826,2019/NUE_2/2019-07-10/left_middle_L1/range_6,0.25
2019,NUE_2,2019-07-10,left_middle_L1,range_6,G0621946.JPG,0,827,2019/NUE_2/2019-07-10/left_middle_L1/range_6,0.5
2019,NUE_2,2019-07-10,left_middle_L1,range_6,G0621947.JPG,0,828,2019/NUE_2/2019-07-10/left_middle_L1/range_6,0.75
2019,NUE_2,2019-07-10,left_middle_L1,range_6,G0621948.JPG,1,829,2019/NUE_2/2019-07-10/left_middle_L1/range_6,1.0
2019,NUE_2,2019-07-10,left_middle_L1,range_6,G0621949.JPG,0,830,2019/NUE_2/2019-07-10/left_middle_L1/range_6,0.75
2019,NUE_2,2019-07-10,left_middle_L1,range_6,G0621950.JPG,0,831,2019/NUE_2/2019-07-10/left_middle_L1/range_6,0.5
2019,NUE_2,2019-07-10,left_middle_L1,range_6,G0621951.JPG,0,832,2019/NUE_2/2019-07-10/left_middle_L1/range_6,0.25
2019,NUE_2,2019-07-10,left_middle_L1,range_6,G0621952.JPG,0,833,2019/NUE_2/2019-07-10/left_middle_L1/range_6,0.25
2019,NUE_2,2019-07-10,left_middle_L1,range_6,G0621953.JPG,0,834,2019/NUE_2/2019-07-10/left_middle_L1/range_6,0.5
2019,NUE_2,2019-07-10,left_middle_L1,range_6,G0621954.JPG,0,835,2019/NUE_2/2019-07-10/left_middle_L1/range_6,0.75
2019,NUE_2,2019-07-10,left_middle_L1,range_6,G0621955.JPG,1,836,2019/NUE_2/2019-07-10/left_middle_L1/range_6,1.0
2019,NUE_2,2019-07-10,left_middle_L1,range_6,G0621956.JPG,0,837,2019/NUE_2/2019-07-10/left_middle_L1/range_6,0.75
2019,NUE_2,2019-07-10,left_middle_L1,range_6,G0621957.JPG,0,838,2019/NUE_2/2019-07-10/left_middle_L1/range_6,0.5
2019,NUE_2,2019-07-10,left_middle_L1,range_6,G0621958.JPG,0,839,2019/NUE_2/2019-07-10/left_middle_L1/range_6,0.25
2019,NUE_2,2019-07-10,left_middle_L1,range_6,G0621959.JPG,0,840,2019/NUE_2/2019-07-10/left_middle_L1/range_6,0.25
2019,NUE_2,2019-07-10,left_middle_L1,range_6,G0621960.JPG,0,841,2019/NUE_2/2019-07-10/left_middle_L1/range_6,0.5
2019,NUE_2,2019-07-10,left_middle_L1,range_6,G0621961.JPG,0,842,2019/NUE_2/2019-07-10/left_middle_L1/range_6,0.75
2019,NUE_2,2019-07-10,left_middle_L1,range_6,G0621962.JPG,1,843,2019/NUE_2/2019-07-10/left_middle_L1/range_6,1.0
2019,NUE_2,2019-07-10,left_middle_L1,range_6,G0621963.JPG,0,844,2019/NUE_2/2019-07-10/left_middle_L1/range_6,0.75
2019,NUE_2,2019-07-10,left_middle_L1,range_6,G0621964.JPG,0,845,2019/NUE_2/2019-07-10/left_middle_L1/range_6,0.5
2019,NUE_2,2019-07-10,left_middle_L1,range_6,G0621965.JPG,0,846,2019/NUE_2/2019-07-10/left_middle_L1/range_6,0.25
2019,NUE_2,2019-07-10,left_middle_L1,range_6,G0621966.JPG,0,847,2019/NUE_2/2019-07-10/left_middle_L1/range_6,0.25
2019,NUE_2,2019-07-10,left_middle_L1,range_6,G0621967.JPG,0,848,2019/NUE_2/2019-07-10/left_middle_L1/range_6,0.5
2019,NUE_2,2019-07-10,left_middle_L1,range_6,G0621968.JPG,0,849,2019/NUE_2/2019-07-10/left_middle_L1/range_6,0.75
2019,NUE_2,2019-07-10,left_middle_L1,range_6,G0621969.JPG,1,850,2019/NUE_2/2019-07-10/left_middle_L1/range_6,1.0
2019,NUE_2,2019-07-10,left_middle_L1,range_6,G0621970.JPG,0,851,2019/NUE_2/2019-07-10/left_middle_L1/range_6,0.75
2019,NUE_2,2019-07-10,left_middle_L1,range_6,G0621971.JPG,0,852,2019/NUE_2/2019-07-10/left_middle_L1/range_6,0.5
2019,NUE_2,2019-07-10,left_middle_L1,range_6,G0621972.JPG,0,853,2019/NUE_2/2019-07-10/left_middle_L1/range_6,0.25
2019,NUE_2,2019-07-10,left_middle_L1,range_6,G0621973.JPG,0,854,2019/NUE_2/2019-07-10/left_middle_L1/range_6,0.5
2019,NUE_2,2019-07-10,left_middle_L1,range_6,G0621974.JPG,0,855,2019/NUE_2/2019-07-10/left_middle_L1/range_6,0.75
2019,NUE_2,2019-07-10,left_middle_L1,range_6,G0621975.JPG,1,856,2019/NUE_2/2019-07-10/left_middle_L1/range_6,1.0
2019,NUE_2,2019-07-10,left_middle_L1,range_6,G0621976.JPG,0,857,2019/NUE_2/2019-07-10/left_middle_L1/range_6,0.75
2019,NUE_2,2019-07-10,left_middle_L1,range_6,G0621977.JPG,0,858,2019/NUE_2/2019-07-10/left_middle_L1/range_6,0.5
2019,NUE_2,2019-07-10,left_middle_L1,range_6,G0621978.JPG,0,859,2019/NUE_2/2019-07-10/left_middle_L1/range_6,0.25
2019,NUE_2,2019-07-10,left_middle_L1,range_6,G0621979.JPG,0,860,2019/NUE_2/2019-07-10/left_middle_L1/range_6,0.25
2019,NUE_2,2019-07-10,left_middle_L1,range_6,G0621980.JPG,0,861,2019/NUE_2/2019-07-10/left_middle_L1/range_6,0.5
2019,NUE_2,2019-07-10,left_middle_L1,range_6,G0621981.JPG,0,862,2019/NUE_2/2019-07-10/left_middle_L1/range_6,0.75
2019,NUE_2,2019-07-10,left_middle_L1,range_6,G0621982.JPG,1,863,2019/NUE_2/2019-07-10/left_middle_L1/range_6,1.0
2019,NUE_2,2019-07-10,left_middle_L1,range_6,G0621983.JPG,0,864,2019/NUE_2/2019-07-10/left_middle_L1/range_6,0.75
2019,NUE_2,2019-07-10,left_middle_L1,range_6,G0621984.JPG,0,865,2019/NUE_2/2019-07-10/left_middle_L1/range_6,0.5
2019,NUE_2,2019-07-10,left_middle_L1,range_6,G0621985.JPG,0,866,2019/NUE_2/2019-07-10/left_middle_L1/range_6,0.25
2019,NUE_2,2019-07-10,left_middle_L1,range_6,G0621986.JPG,0,867,2019/NUE_2/2019-07-10/left_middle_L1/range_6,0.25
2019,NUE_2,2019-07-10,left_middle_L1,range_6,G0621987.JPG,0,868,2019/NUE_2/2019-07-10/left_middle_L1/range_6,0.5
2019,NUE_2,2019-07-10,left_middle_L1,range_6,G0621988.JPG,0,869,2019/NUE_2/2019-07-10/left_middle_L1/range_6,0.75
2019,NUE_2,2019-07-10,left_middle_L1,range_6,G0621989.JPG,1,870,2019/NUE_2/2019-07-10/left_middle_L1/range_6,1.0
2019,NUE_2,2019-07-10,left_middle_L1,range_6,G0621990.JPG,0,871,2019/NUE_2/2019-07-10/left_middle_L1/range_6,0.75
2019,NUE_2,2019-07-10,left_middle_L1,range_6,G0621991.JPG,0,872,2019/NUE_2/2019-07-10/left_middle_L1/range_6,0.5
2019,NUE_2,2019-07-10,left_middle_L1,range_6,G0621992.JPG,0,873,2019/NUE_2/2019-07-10/left_middle_L1/range_6,0.25
2019,NUE_2,2019-07-10,left_middle_L1,range_6,G0621993.JPG,0,874,2019/NUE_2/2019-07-10/left_middle_L1/range_6,0.5
2019,NUE_2,2019-07-10,left_middle_L1,range_6,G0621994.JPG,0,875,2019/NUE_2/2019-07-10/left_middle_L1/range_6,0.75
2019,NUE_2,2019-07-10,left_middle_L1,range_6,G0621995.JPG,1,876,2019/NUE_2/2019-07-10/left_middle_L1/range_6,1.0
2019,NUE_2,2019-07-10,left_middle_L1,range_6,G0621996.JPG,0,877,2019/NUE_2/2019-07-10/left_middle_L1/range_6,0.75
2019,NUE_2,2019-07-10,left_middle_L1,range_6,G0621997.JPG,0,878,2019/NUE_2/2019-07-10/left_middle_L1/range_6,0.5
2019,NUE_2,2019-07-10,left_middle_L1,range_6,G0621998.JPG,0,879,2019/NUE_2/2019-07-10/left_middle_L1/range_6,0.25
2019,NUE_2,2019-07-10,left_middle_L1,range_6,G0621999.JPG,0,880,2019/NUE_2/2019-07-10/left_middle_L1/range_6,0.0
2019,NUE_2,2019-07-10,left_middle_L1,range_6,G0622000.JPG,0,881,2019/NUE_2/2019-07-10/left_middle_L1/range_6,0.0
